/*
SQLyog Ultimate v13.1.1 (64 bit)
MySQL - 8.0.20 : Database - joolun_ry
*********************************************************************
*/

/*!40101 SET NAMES utf8 */;

/*!40101 SET SQL_MODE=''*/;

/*!40014 SET @OLD_UNIQUE_CHECKS=@@UNIQUE_CHECKS, UNIQUE_CHECKS=0 */;
/*!40014 SET @OLD_FOREIGN_KEY_CHECKS=@@FOREIGN_KEY_CHECKS, FOREIGN_KEY_CHECKS=0 */;
/*!40101 SET @OLD_SQL_MODE=@@SQL_MODE, SQL_MODE='NO_AUTO_VALUE_ON_ZERO' */;
/*!40111 SET @OLD_SQL_NOTES=@@SQL_NOTES, SQL_NOTES=0 */;
CREATE DATABASE /*!32312 IF NOT EXISTS*/`joolun_ry` /*!40100 DEFAULT CHARACTER SET utf8mb4 COLLATE utf8mb4_0900_ai_ci */ /*!80016 DEFAULT ENCRYPTION='N' */;

USE `joolun_ry`;

/*Table structure for table `gen_table` */

DROP TABLE IF EXISTS `gen_table`;

CREATE TABLE `gen_table` (
  `table_id` bigint NOT NULL AUTO_INCREMENT COMMENT 'ç¼–å·',
  `table_name` varchar(200) DEFAULT '' COMMENT 'è¡¨åç§°',
  `table_comment` varchar(500) DEFAULT '' COMMENT 'è¡¨æè¿°',
  `sub_table_name` varchar(64) DEFAULT NULL COMMENT 'å…³è”å­è¡¨çš„è¡¨å',
  `sub_table_fk_name` varchar(64) DEFAULT NULL COMMENT 'å­è¡¨å…³è”çš„å¤–é”®å',
  `class_name` varchar(100) DEFAULT '' COMMENT 'å®ä½“ç±»åç§°',
  `tpl_category` varchar(200) DEFAULT 'crud' COMMENT 'ä½¿ç”¨çš„æ¨¡æ¿ï¼ˆcrudå•è¡¨æ“ä½œ treeæ ‘è¡¨æ“ä½œï¼‰',
  `package_name` varchar(100) DEFAULT NULL COMMENT 'ç”ŸæˆåŒ…è·¯å¾„',
  `module_name` varchar(30) DEFAULT NULL COMMENT 'ç”Ÿæˆæ¨¡å—å',
  `business_name` varchar(30) DEFAULT NULL COMMENT 'ç”Ÿæˆä¸šåŠ¡å',
  `function_name` varchar(50) DEFAULT NULL COMMENT 'ç”ŸæˆåŠŸèƒ½å',
  `function_author` varchar(50) DEFAULT NULL COMMENT 'ç”ŸæˆåŠŸèƒ½ä½œè€…',
  `gen_type` char(1) DEFAULT '0' COMMENT 'ç”Ÿæˆä»£ç æ–¹å¼ï¼ˆ0zipå‹ç¼©åŒ… 1è‡ªå®šä¹‰è·¯å¾„ï¼‰',
  `gen_path` varchar(200) DEFAULT '/' COMMENT 'ç”Ÿæˆè·¯å¾„ï¼ˆä¸å¡«é»˜è®¤é¡¹ç›®è·¯å¾„ï¼‰',
  `options` varchar(1000) DEFAULT NULL COMMENT 'å…¶å®ƒç”Ÿæˆé€‰é¡¹',
  `create_by` varchar(64) DEFAULT '' COMMENT 'åˆ›å»ºè€…',
  `create_time` datetime DEFAULT NULL COMMENT 'åˆ›å»ºæ—¶é—´',
  `update_by` varchar(64) DEFAULT '' COMMENT 'æ›´æ–°è€…',
  `update_time` datetime DEFAULT NULL COMMENT 'æ›´æ–°æ—¶é—´',
  `remark` varchar(500) DEFAULT NULL COMMENT 'å¤‡æ³¨',
  PRIMARY KEY (`table_id`)
) ENGINE=InnoDB AUTO_INCREMENT=11 DEFAULT CHARSET=utf8mb4 COLLATE=utf8mb4_0900_ai_ci COMMENT='ä»£ç ç”Ÿæˆä¸šåŠ¡è¡¨';

/*Data for the table `gen_table` */

insert  into `gen_table`(`table_id`,`table_name`,`table_comment`,`sub_table_name`,`sub_table_fk_name`,`class_name`,`tpl_category`,`package_name`,`module_name`,`business_name`,`function_name`,`function_author`,`gen_type`,`gen_path`,`options`,`create_by`,`create_time`,`update_by`,`update_time`,`remark`) values 
(1,'sys_config','å‚æ•°é…ç½®è¡¨',NULL,NULL,'SysConfig','crud','com.ruoyi.system','system','config','å‚æ•°é…ç½®','ruoyi','0','/',NULL,'admin','2021-01-14 17:10:34','',NULL,NULL),
(2,'sys_dept','éƒ¨é—¨è¡¨',NULL,NULL,'SysDept','crud','com.ruoyi.system','system','dept','éƒ¨é—¨','ruoyi','0','/',NULL,'admin','2021-01-14 17:10:34','',NULL,NULL),
(3,'sys_dict_data','å­—å…¸æ•°æ®è¡¨',NULL,NULL,'SysDictData','crud','com.ruoyi.system','system','data','å­—å…¸æ•°æ®','ruoyi','0','/',NULL,'admin','2021-01-14 17:10:34','',NULL,NULL),
(4,'sys_dict_type','å­—å…¸ç±»å‹è¡¨',NULL,NULL,'SysDictType','crud','com.ruoyi.system','system','type','å­—å…¸ç±»å‹','ruoyi','0','/',NULL,'admin','2021-01-14 17:10:34','',NULL,NULL),
(5,'sys_job','å®šæ—¶ä»»åŠ¡è°ƒåº¦è¡¨',NULL,NULL,'SysJob','crud','com.ruoyi.system','system','job','å®šæ—¶ä»»åŠ¡è°ƒåº¦','ruoyi','0','/',NULL,'admin','2021-01-14 17:10:34','',NULL,NULL),
(6,'sys_job_log','å®šæ—¶ä»»åŠ¡è°ƒåº¦æ—¥å¿—è¡¨',NULL,NULL,'SysJobLog','crud','com.ruoyi.system','system','log','å®šæ—¶ä»»åŠ¡è°ƒåº¦æ—¥å¿—','ruoyi','0','/',NULL,'admin','2021-01-14 17:10:34','',NULL,NULL),
(7,'sys_logininfor','ç³»ç»Ÿè®¿é—®è®°å½•',NULL,NULL,'SysLogininfor','crud','com.ruoyi.system','system','logininfor','ç³»ç»Ÿè®¿é—®è®°å½•','ruoyi','0','/',NULL,'admin','2021-01-14 17:10:34','',NULL,NULL),
(8,'sys_menu','èœå•æƒé™è¡¨',NULL,NULL,'SysMenu','crud','com.ruoyi.system','system','menu','èœå•æƒé™','ruoyi','0','/',NULL,'admin','2021-01-14 17:10:34','',NULL,NULL),
(9,'sys_notice','é€šçŸ¥å…¬å‘Šè¡¨',NULL,NULL,'SysNotice','crud','com.ruoyi.system','system','notice','é€šçŸ¥å…¬å‘Š','ruoyi','0','/',NULL,'admin','2021-01-14 17:10:34','',NULL,NULL),
(10,'sys_oper_log','æ“ä½œæ—¥å¿—è®°å½•',NULL,NULL,'SysOperLog','crud','com.ruoyi.system','system','log','æ“ä½œæ—¥å¿—è®°å½•','ruoyi','0','/',NULL,'admin','2021-01-14 17:10:34','',NULL,NULL);

/*Table structure for table `gen_table_column` */

DROP TABLE IF EXISTS `gen_table_column`;

CREATE TABLE `gen_table_column` (
  `column_id` bigint NOT NULL AUTO_INCREMENT COMMENT 'ç¼–å·',
  `table_id` varchar(64) DEFAULT NULL COMMENT 'å½’å±è¡¨ç¼–å·',
  `column_name` varchar(200) DEFAULT NULL COMMENT 'åˆ—åç§°',
  `column_comment` varchar(500) DEFAULT NULL COMMENT 'åˆ—æè¿°',
  `column_type` varchar(100) DEFAULT NULL COMMENT 'åˆ—ç±»å‹',
  `java_type` varchar(500) DEFAULT NULL COMMENT 'JAVAç±»å‹',
  `java_field` varchar(200) DEFAULT NULL COMMENT 'JAVAå­—æ®µå',
  `is_pk` char(1) DEFAULT NULL COMMENT 'æ˜¯å¦ä¸»é”®ï¼ˆ1æ˜¯ï¼‰',
  `is_increment` char(1) DEFAULT NULL COMMENT 'æ˜¯å¦è‡ªå¢ï¼ˆ1æ˜¯ï¼‰',
  `is_required` char(1) DEFAULT NULL COMMENT 'æ˜¯å¦å¿…å¡«ï¼ˆ1æ˜¯ï¼‰',
  `is_insert` char(1) DEFAULT NULL COMMENT 'æ˜¯å¦ä¸ºæ’å…¥å­—æ®µï¼ˆ1æ˜¯ï¼‰',
  `is_edit` char(1) DEFAULT NULL COMMENT 'æ˜¯å¦ç¼–è¾‘å­—æ®µï¼ˆ1æ˜¯ï¼‰',
  `is_list` char(1) DEFAULT NULL COMMENT 'æ˜¯å¦åˆ—è¡¨å­—æ®µï¼ˆ1æ˜¯ï¼‰',
  `is_query` char(1) DEFAULT NULL COMMENT 'æ˜¯å¦æŸ¥è¯¢å­—æ®µï¼ˆ1æ˜¯ï¼‰',
  `query_type` varchar(200) DEFAULT 'EQ' COMMENT 'æŸ¥è¯¢æ–¹å¼ï¼ˆç­‰äºã€ä¸ç­‰äºã€å¤§äºã€å°äºã€èŒƒå›´ï¼‰',
  `html_type` varchar(200) DEFAULT NULL COMMENT 'æ˜¾ç¤ºç±»å‹ï¼ˆæ–‡æœ¬æ¡†ã€æ–‡æœ¬åŸŸã€ä¸‹æ‹‰æ¡†ã€å¤é€‰æ¡†ã€å•é€‰æ¡†ã€æ—¥æœŸæ§ä»¶ï¼‰',
  `dict_type` varchar(200) DEFAULT '' COMMENT 'å­—å…¸ç±»å‹',
  `sort` int DEFAULT NULL COMMENT 'æ’åº',
  `create_by` varchar(64) DEFAULT '' COMMENT 'åˆ›å»ºè€…',
  `create_time` datetime DEFAULT NULL COMMENT 'åˆ›å»ºæ—¶é—´',
  `update_by` varchar(64) DEFAULT '' COMMENT 'æ›´æ–°è€…',
  `update_time` datetime DEFAULT NULL COMMENT 'æ›´æ–°æ—¶é—´',
  PRIMARY KEY (`column_id`)
) ENGINE=InnoDB AUTO_INCREMENT=122 DEFAULT CHARSET=utf8mb4 COLLATE=utf8mb4_0900_ai_ci COMMENT='ä»£ç ç”Ÿæˆä¸šåŠ¡è¡¨å­—æ®µ';

/*Data for the table `gen_table_column` */

insert  into `gen_table_column`(`column_id`,`table_id`,`column_name`,`column_comment`,`column_type`,`java_type`,`java_field`,`is_pk`,`is_increment`,`is_required`,`is_insert`,`is_edit`,`is_list`,`is_query`,`query_type`,`html_type`,`dict_type`,`sort`,`create_by`,`create_time`,`update_by`,`update_time`) values 
(1,'1','config_id','å‚æ•°ä¸»é”®','int','Long','configId','1','1',NULL,'1',NULL,NULL,NULL,'EQ','input','',1,'admin','2021-01-14 17:10:34','',NULL),
(2,'1','config_name','å‚æ•°åç§°','varchar(100)','String','configName','0','0',NULL,'1','1','1','1','LIKE','input','',2,'admin','2021-01-14 17:10:34','',NULL),
(3,'1','config_key','å‚æ•°é”®å','varchar(100)','String','configKey','0','0',NULL,'1','1','1','1','EQ','input','',3,'admin','2021-01-14 17:10:34','',NULL),
(4,'1','config_value','å‚æ•°é”®å€¼','varchar(500)','String','configValue','0','0',NULL,'1','1','1','1','EQ','textarea','',4,'admin','2021-01-14 17:10:34','',NULL),
(5,'1','config_type','ç³»ç»Ÿå†…ç½®ï¼ˆYæ˜¯ Nå¦ï¼‰','char(1)','String','configType','0','0',NULL,'1','1','1','1','EQ','select','',5,'admin','2021-01-14 17:10:34','',NULL),
(6,'1','create_by','åˆ›å»ºè€…','varchar(64)','String','createBy','0','0',NULL,'1',NULL,NULL,NULL,'EQ','input','',6,'admin','2021-01-14 17:10:34','',NULL),
(7,'1','create_time','åˆ›å»ºæ—¶é—´','datetime','Date','createTime','0','0',NULL,'1',NULL,NULL,NULL,'EQ','datetime','',7,'admin','2021-01-14 17:10:34','',NULL),
(8,'1','update_by','æ›´æ–°è€…','varchar(64)','String','updateBy','0','0',NULL,'1','1',NULL,NULL,'EQ','input','',8,'admin','2021-01-14 17:10:34','',NULL),
(9,'1','update_time','æ›´æ–°æ—¶é—´','datetime','Date','updateTime','0','0',NULL,'1','1',NULL,NULL,'EQ','datetime','',9,'admin','2021-01-14 17:10:34','',NULL),
(10,'1','remark','å¤‡æ³¨','varchar(500)','String','remark','0','0',NULL,'1','1','1',NULL,'EQ','textarea','',10,'admin','2021-01-14 17:10:34','',NULL),
(11,'2','dept_id','éƒ¨é—¨id','bigint','Long','deptId','1','1',NULL,'1',NULL,NULL,NULL,'EQ','input','',1,'admin','2021-01-14 17:10:34','',NULL),
(12,'2','parent_id','çˆ¶éƒ¨é—¨id','bigint','Long','parentId','0','0',NULL,'1','1','1','1','EQ','input','',2,'admin','2021-01-14 17:10:34','',NULL),
(13,'2','ancestors','ç¥–çº§åˆ—è¡¨','varchar(50)','String','ancestors','0','0',NULL,'1','1','1','1','EQ','input','',3,'admin','2021-01-14 17:10:34','',NULL),
(14,'2','dept_name','éƒ¨é—¨åç§°','varchar(30)','String','deptName','0','0',NULL,'1','1','1','1','LIKE','input','',4,'admin','2021-01-14 17:10:34','',NULL),
(15,'2','order_num','æ˜¾ç¤ºé¡ºåº','int','Long','orderNum','0','0',NULL,'1','1','1','1','EQ','input','',5,'admin','2021-01-14 17:10:34','',NULL),
(16,'2','leader','è´Ÿè´£äºº','varchar(20)','String','leader','0','0',NULL,'1','1','1','1','EQ','input','',6,'admin','2021-01-14 17:10:34','',NULL),
(17,'2','phone','è”ç³»ç”µè¯','varchar(11)','String','phone','0','0',NULL,'1','1','1','1','EQ','input','',7,'admin','2021-01-14 17:10:34','',NULL),
(18,'2','email','é‚®ç®±','varchar(50)','String','email','0','0',NULL,'1','1','1','1','EQ','input','',8,'admin','2021-01-14 17:10:34','',NULL),
(19,'2','status','éƒ¨é—¨çŠ¶æ€ï¼ˆ0æ­£å¸¸ 1åœç”¨ï¼‰','char(1)','String','status','0','0',NULL,'1','1','1','1','EQ','radio','',9,'admin','2021-01-14 17:10:34','',NULL),
(20,'2','del_flag','åˆ é™¤æ ‡å¿—ï¼ˆ0ä»£è¡¨å­˜åœ¨ 2ä»£è¡¨åˆ é™¤ï¼‰','char(1)','String','delFlag','0','0',NULL,'1',NULL,NULL,NULL,'EQ','input','',10,'admin','2021-01-14 17:10:34','',NULL),
(21,'2','create_by','åˆ›å»ºè€…','varchar(64)','String','createBy','0','0',NULL,'1',NULL,NULL,NULL,'EQ','input','',11,'admin','2021-01-14 17:10:34','',NULL),
(22,'2','create_time','åˆ›å»ºæ—¶é—´','datetime','Date','createTime','0','0',NULL,'1',NULL,NULL,NULL,'EQ','datetime','',12,'admin','2021-01-14 17:10:34','',NULL),
(23,'2','update_by','æ›´æ–°è€…','varchar(64)','String','updateBy','0','0',NULL,'1','1',NULL,NULL,'EQ','input','',13,'admin','2021-01-14 17:10:34','',NULL),
(24,'2','update_time','æ›´æ–°æ—¶é—´','datetime','Date','updateTime','0','0',NULL,'1','1',NULL,NULL,'EQ','datetime','',14,'admin','2021-01-14 17:10:34','',NULL),
(25,'3','dict_code','å­—å…¸ç¼–ç ','bigint','Long','dictCode','1','1',NULL,'1',NULL,NULL,NULL,'EQ','input','',1,'admin','2021-01-14 17:10:34','',NULL),
(26,'3','dict_sort','å­—å…¸æ’åº','int','Long','dictSort','0','0',NULL,'1','1','1','1','EQ','input','',2,'admin','2021-01-14 17:10:34','',NULL),
(27,'3','dict_label','å­—å…¸æ ‡ç­¾','varchar(100)','String','dictLabel','0','0',NULL,'1','1','1','1','EQ','input','',3,'admin','2021-01-14 17:10:34','',NULL),
(28,'3','dict_value','å­—å…¸é”®å€¼','varchar(100)','String','dictValue','0','0',NULL,'1','1','1','1','EQ','input','',4,'admin','2021-01-14 17:10:34','',NULL),
(29,'3','dict_type','å­—å…¸ç±»å‹','varchar(100)','String','dictType','0','0',NULL,'1','1','1','1','EQ','select','',5,'admin','2021-01-14 17:10:34','',NULL),
(30,'3','css_class','æ ·å¼å±æ€§ï¼ˆå…¶ä»–æ ·å¼æ‰©å±•ï¼‰','varchar(100)','String','cssClass','0','0',NULL,'1','1','1','1','EQ','input','',6,'admin','2021-01-14 17:10:34','',NULL),
(31,'3','list_class','è¡¨æ ¼å›æ˜¾æ ·å¼','varchar(100)','String','listClass','0','0',NULL,'1','1','1','1','EQ','input','',7,'admin','2021-01-14 17:10:34','',NULL),
(32,'3','is_default','æ˜¯å¦é»˜è®¤ï¼ˆYæ˜¯ Nå¦ï¼‰','char(1)','String','isDefault','0','0',NULL,'1','1','1','1','EQ','input','',8,'admin','2021-01-14 17:10:34','',NULL),
(33,'3','status','çŠ¶æ€ï¼ˆ0æ­£å¸¸ 1åœç”¨ï¼‰','char(1)','String','status','0','0',NULL,'1','1','1','1','EQ','radio','',9,'admin','2021-01-14 17:10:34','',NULL),
(34,'3','create_by','åˆ›å»ºè€…','varchar(64)','String','createBy','0','0',NULL,'1',NULL,NULL,NULL,'EQ','input','',10,'admin','2021-01-14 17:10:34','',NULL),
(35,'3','create_time','åˆ›å»ºæ—¶é—´','datetime','Date','createTime','0','0',NULL,'1',NULL,NULL,NULL,'EQ','datetime','',11,'admin','2021-01-14 17:10:34','',NULL),
(36,'3','update_by','æ›´æ–°è€…','varchar(64)','String','updateBy','0','0',NULL,'1','1',NULL,NULL,'EQ','input','',12,'admin','2021-01-14 17:10:34','',NULL),
(37,'3','update_time','æ›´æ–°æ—¶é—´','datetime','Date','updateTime','0','0',NULL,'1','1',NULL,NULL,'EQ','datetime','',13,'admin','2021-01-14 17:10:34','',NULL),
(38,'3','remark','å¤‡æ³¨','varchar(500)','String','remark','0','0',NULL,'1','1','1',NULL,'EQ','textarea','',14,'admin','2021-01-14 17:10:34','',NULL),
(39,'4','dict_id','å­—å…¸ä¸»é”®','bigint','Long','dictId','1','1',NULL,'1',NULL,NULL,NULL,'EQ','input','',1,'admin','2021-01-14 17:10:34','',NULL),
(40,'4','dict_name','å­—å…¸åç§°','varchar(100)','String','dictName','0','0',NULL,'1','1','1','1','LIKE','input','',2,'admin','2021-01-14 17:10:34','',NULL),
(41,'4','dict_type','å­—å…¸ç±»å‹','varchar(100)','String','dictType','0','0',NULL,'1','1','1','1','EQ','select','',3,'admin','2021-01-14 17:10:34','',NULL),
(42,'4','status','çŠ¶æ€ï¼ˆ0æ­£å¸¸ 1åœç”¨ï¼‰','char(1)','String','status','0','0',NULL,'1','1','1','1','EQ','radio','',4,'admin','2021-01-14 17:10:34','',NULL),
(43,'4','create_by','åˆ›å»ºè€…','varchar(64)','String','createBy','0','0',NULL,'1',NULL,NULL,NULL,'EQ','input','',5,'admin','2021-01-14 17:10:34','',NULL),
(44,'4','create_time','åˆ›å»ºæ—¶é—´','datetime','Date','createTime','0','0',NULL,'1',NULL,NULL,NULL,'EQ','datetime','',6,'admin','2021-01-14 17:10:34','',NULL),
(45,'4','update_by','æ›´æ–°è€…','varchar(64)','String','updateBy','0','0',NULL,'1','1',NULL,NULL,'EQ','input','',7,'admin','2021-01-14 17:10:34','',NULL),
(46,'4','update_time','æ›´æ–°æ—¶é—´','datetime','Date','updateTime','0','0',NULL,'1','1',NULL,NULL,'EQ','datetime','',8,'admin','2021-01-14 17:10:34','',NULL),
(47,'4','remark','å¤‡æ³¨','varchar(500)','String','remark','0','0',NULL,'1','1','1',NULL,'EQ','textarea','',9,'admin','2021-01-14 17:10:34','',NULL),
(48,'5','job_id','ä»»åŠ¡ID','bigint','Long','jobId','1','1',NULL,'1',NULL,NULL,NULL,'EQ','input','',1,'admin','2021-01-14 17:10:34','',NULL),
(49,'5','job_name','ä»»åŠ¡åç§°','varchar(64)','String','jobName','1','0',NULL,'1',NULL,NULL,NULL,'LIKE','input','',2,'admin','2021-01-14 17:10:34','',NULL),
(50,'5','job_group','ä»»åŠ¡ç»„å','varchar(64)','String','jobGroup','1','0',NULL,'1',NULL,NULL,NULL,'EQ','input','',3,'admin','2021-01-14 17:10:34','',NULL),
(51,'5','invoke_target','è°ƒç”¨ç›®æ ‡å­—ç¬¦ä¸²','varchar(500)','String','invokeTarget','0','0','1','1','1','1','1','EQ','textarea','',4,'admin','2021-01-14 17:10:34','',NULL),
(52,'5','cron_expression','cronæ‰§è¡Œè¡¨è¾¾å¼','varchar(255)','String','cronExpression','0','0',NULL,'1','1','1','1','EQ','input','',5,'admin','2021-01-14 17:10:34','',NULL),
(53,'5','misfire_policy','è®¡åˆ’æ‰§è¡Œé”™è¯¯ç­–ç•¥ï¼ˆ1ç«‹å³æ‰§è¡Œ 2æ‰§è¡Œä¸€æ¬¡ 3æ”¾å¼ƒæ‰§è¡Œï¼‰','varchar(20)','String','misfirePolicy','0','0',NULL,'1','1','1','1','EQ','input','',6,'admin','2021-01-14 17:10:34','',NULL),
(54,'5','concurrent','æ˜¯å¦å¹¶å‘æ‰§è¡Œï¼ˆ0å…è®¸ 1ç¦æ­¢ï¼‰','char(1)','String','concurrent','0','0',NULL,'1','1','1','1','EQ','input','',7,'admin','2021-01-14 17:10:34','',NULL),
(55,'5','status','çŠ¶æ€ï¼ˆ0æ­£å¸¸ 1æš‚åœï¼‰','char(1)','String','status','0','0',NULL,'1','1','1','1','EQ','radio','',8,'admin','2021-01-14 17:10:34','',NULL),
(56,'5','create_by','åˆ›å»ºè€…','varchar(64)','String','createBy','0','0',NULL,'1',NULL,NULL,NULL,'EQ','input','',9,'admin','2021-01-14 17:10:34','',NULL),
(57,'5','create_time','åˆ›å»ºæ—¶é—´','datetime','Date','createTime','0','0',NULL,'1',NULL,NULL,NULL,'EQ','datetime','',10,'admin','2021-01-14 17:10:34','',NULL),
(58,'5','update_by','æ›´æ–°è€…','varchar(64)','String','updateBy','0','0',NULL,'1','1',NULL,NULL,'EQ','input','',11,'admin','2021-01-14 17:10:34','',NULL),
(59,'5','update_time','æ›´æ–°æ—¶é—´','datetime','Date','updateTime','0','0',NULL,'1','1',NULL,NULL,'EQ','datetime','',12,'admin','2021-01-14 17:10:34','',NULL),
(60,'5','remark','å¤‡æ³¨ä¿¡æ¯','varchar(500)','String','remark','0','0',NULL,'1','1','1',NULL,'EQ','textarea','',13,'admin','2021-01-14 17:10:34','',NULL),
(61,'6','job_log_id','ä»»åŠ¡æ—¥å¿—ID','bigint','Long','jobLogId','1','1',NULL,'1',NULL,NULL,NULL,'EQ','input','',1,'admin','2021-01-14 17:10:34','',NULL),
(62,'6','job_name','ä»»åŠ¡åç§°','varchar(64)','String','jobName','0','0','1','1','1','1','1','LIKE','input','',2,'admin','2021-01-14 17:10:34','',NULL),
(63,'6','job_group','ä»»åŠ¡ç»„å','varchar(64)','String','jobGroup','0','0','1','1','1','1','1','EQ','input','',3,'admin','2021-01-14 17:10:34','',NULL),
(64,'6','invoke_target','è°ƒç”¨ç›®æ ‡å­—ç¬¦ä¸²','varchar(500)','String','invokeTarget','0','0','1','1','1','1','1','EQ','textarea','',4,'admin','2021-01-14 17:10:34','',NULL),
(65,'6','job_message','æ—¥å¿—ä¿¡æ¯','varchar(500)','String','jobMessage','0','0',NULL,'1','1','1','1','EQ','textarea','',5,'admin','2021-01-14 17:10:34','',NULL),
(66,'6','status','æ‰§è¡ŒçŠ¶æ€ï¼ˆ0æ­£å¸¸ 1å¤±è´¥ï¼‰','char(1)','String','status','0','0',NULL,'1','1','1','1','EQ','radio','',6,'admin','2021-01-14 17:10:34','',NULL),
(67,'6','exception_info','å¼‚å¸¸ä¿¡æ¯','varchar(2000)','String','exceptionInfo','0','0',NULL,'1','1','1','1','EQ','textarea','',7,'admin','2021-01-14 17:10:34','',NULL),
(68,'6','create_time','åˆ›å»ºæ—¶é—´','datetime','Date','createTime','0','0',NULL,'1',NULL,NULL,NULL,'EQ','datetime','',8,'admin','2021-01-14 17:10:34','',NULL),
(69,'7','info_id','è®¿é—®ID','bigint','Long','infoId','1','1',NULL,'1',NULL,NULL,NULL,'EQ','input','',1,'admin','2021-01-14 17:10:34','',NULL),
(70,'7','user_name','ç”¨æˆ·è´¦å·','varchar(50)','String','userName','0','0',NULL,'1','1','1','1','LIKE','input','',2,'admin','2021-01-14 17:10:34','',NULL),
(71,'7','ipaddr','ç™»å½•IPåœ°å€','varchar(50)','String','ipaddr','0','0',NULL,'1','1','1','1','EQ','input','',3,'admin','2021-01-14 17:10:34','',NULL),
(72,'7','login_location','ç™»å½•åœ°ç‚¹','varchar(255)','String','loginLocation','0','0',NULL,'1','1','1','1','EQ','input','',4,'admin','2021-01-14 17:10:34','',NULL),
(73,'7','browser','æµè§ˆå™¨ç±»å‹','varchar(50)','String','browser','0','0',NULL,'1','1','1','1','EQ','input','',5,'admin','2021-01-14 17:10:34','',NULL),
(74,'7','os','æ“ä½œç³»ç»Ÿ','varchar(50)','String','os','0','0',NULL,'1','1','1','1','EQ','input','',6,'admin','2021-01-14 17:10:34','',NULL),
(75,'7','status','ç™»å½•çŠ¶æ€ï¼ˆ0æˆåŠŸ 1å¤±è´¥ï¼‰','char(1)','String','status','0','0',NULL,'1','1','1','1','EQ','radio','',7,'admin','2021-01-14 17:10:34','',NULL),
(76,'7','msg','æç¤ºæ¶ˆæ¯','varchar(255)','String','msg','0','0',NULL,'1','1','1','1','EQ','input','',8,'admin','2021-01-14 17:10:34','',NULL),
(77,'7','login_time','è®¿é—®æ—¶é—´','datetime','Date','loginTime','0','0',NULL,'1','1','1','1','EQ','datetime','',9,'admin','2021-01-14 17:10:34','',NULL),
(78,'8','menu_id','èœå•ID','bigint','Long','menuId','1','1',NULL,'1',NULL,NULL,NULL,'EQ','input','',1,'admin','2021-01-14 17:10:34','',NULL),
(79,'8','menu_name','èœå•åç§°','varchar(50)','String','menuName','0','0','1','1','1','1','1','LIKE','input','',2,'admin','2021-01-14 17:10:34','',NULL),
(80,'8','parent_id','çˆ¶èœå•ID','bigint','Long','parentId','0','0',NULL,'1','1','1','1','EQ','input','',3,'admin','2021-01-14 17:10:34','',NULL),
(81,'8','order_num','æ˜¾ç¤ºé¡ºåº','int','Long','orderNum','0','0',NULL,'1','1','1','1','EQ','input','',4,'admin','2021-01-14 17:10:34','',NULL),
(82,'8','path','è·¯ç”±åœ°å€','varchar(200)','String','path','0','0',NULL,'1','1','1','1','EQ','input','',5,'admin','2021-01-14 17:10:34','',NULL),
(83,'8','component','ç»„ä»¶è·¯å¾„','varchar(255)','String','component','0','0',NULL,'1','1','1','1','EQ','input','',6,'admin','2021-01-14 17:10:34','',NULL),
(84,'8','is_frame','æ˜¯å¦ä¸ºå¤–é“¾ï¼ˆ0æ˜¯ 1å¦ï¼‰','int','Long','isFrame','0','0',NULL,'1','1','1','1','EQ','input','',7,'admin','2021-01-14 17:10:34','',NULL),
(85,'8','is_cache','æ˜¯å¦ç¼“å­˜ï¼ˆ0ç¼“å­˜ 1ä¸ç¼“å­˜ï¼‰','int','Long','isCache','0','0',NULL,'1','1','1','1','EQ','input','',8,'admin','2021-01-14 17:10:34','',NULL),
(86,'8','menu_type','èœå•ç±»å‹ï¼ˆMç›®å½• Cèœå• FæŒ‰é’®ï¼‰','char(1)','String','menuType','0','0',NULL,'1','1','1','1','EQ','select','',9,'admin','2021-01-14 17:10:34','',NULL),
(87,'8','visible','èœå•çŠ¶æ€ï¼ˆ0æ˜¾ç¤º 1éšè—ï¼‰','char(1)','String','visible','0','0',NULL,'1','1','1','1','EQ','input','',10,'admin','2021-01-14 17:10:34','',NULL),
(88,'8','status','èœå•çŠ¶æ€ï¼ˆ0æ­£å¸¸ 1åœç”¨ï¼‰','char(1)','String','status','0','0',NULL,'1','1','1','1','EQ','radio','',11,'admin','2021-01-14 17:10:34','',NULL),
(89,'8','perms','æƒé™æ ‡è¯†','varchar(100)','String','perms','0','0',NULL,'1','1','1','1','EQ','input','',12,'admin','2021-01-14 17:10:34','',NULL),
(90,'8','icon','èœå•å›¾æ ‡','varchar(100)','String','icon','0','0',NULL,'1','1','1','1','EQ','input','',13,'admin','2021-01-14 17:10:34','',NULL),
(91,'8','create_by','åˆ›å»ºè€…','varchar(64)','String','createBy','0','0',NULL,'1',NULL,NULL,NULL,'EQ','input','',14,'admin','2021-01-14 17:10:34','',NULL),
(92,'8','create_time','åˆ›å»ºæ—¶é—´','datetime','Date','createTime','0','0',NULL,'1',NULL,NULL,NULL,'EQ','datetime','',15,'admin','2021-01-14 17:10:34','',NULL),
(93,'8','update_by','æ›´æ–°è€…','varchar(64)','String','updateBy','0','0',NULL,'1','1',NULL,NULL,'EQ','input','',16,'admin','2021-01-14 17:10:34','',NULL),
(94,'8','update_time','æ›´æ–°æ—¶é—´','datetime','Date','updateTime','0','0',NULL,'1','1',NULL,NULL,'EQ','datetime','',17,'admin','2021-01-14 17:10:34','',NULL),
(95,'8','remark','å¤‡æ³¨','varchar(500)','String','remark','0','0',NULL,'1','1','1',NULL,'EQ','textarea','',18,'admin','2021-01-14 17:10:34','',NULL),
(96,'9','notice_id','å…¬å‘ŠID','int','Long','noticeId','1','1',NULL,'1',NULL,NULL,NULL,'EQ','input','',1,'admin','2021-01-14 17:10:34','',NULL),
(97,'9','notice_title','å…¬å‘Šæ ‡é¢˜','varchar(50)','String','noticeTitle','0','0','1','1','1','1','1','EQ','input','',2,'admin','2021-01-14 17:10:34','',NULL),
(98,'9','notice_type','å…¬å‘Šç±»å‹ï¼ˆ1é€šçŸ¥ 2å…¬å‘Šï¼‰','char(1)','String','noticeType','0','0','1','1','1','1','1','EQ','select','',3,'admin','2021-01-14 17:10:34','',NULL),
(99,'9','notice_content','å…¬å‘Šå†…å®¹','longblob','String','noticeContent','0','0',NULL,'1','1','1','1','EQ','editor','',4,'admin','2021-01-14 17:10:34','',NULL),
(100,'9','status','å…¬å‘ŠçŠ¶æ€ï¼ˆ0æ­£å¸¸ 1å…³é—­ï¼‰','char(1)','String','status','0','0',NULL,'1','1','1','1','EQ','radio','',5,'admin','2021-01-14 17:10:34','',NULL),
(101,'9','create_by','åˆ›å»ºè€…','varchar(64)','String','createBy','0','0',NULL,'1',NULL,NULL,NULL,'EQ','input','',6,'admin','2021-01-14 17:10:34','',NULL),
(102,'9','create_time','åˆ›å»ºæ—¶é—´','datetime','Date','createTime','0','0',NULL,'1',NULL,NULL,NULL,'EQ','datetime','',7,'admin','2021-01-14 17:10:34','',NULL),
(103,'9','update_by','æ›´æ–°è€…','varchar(64)','String','updateBy','0','0',NULL,'1','1',NULL,NULL,'EQ','input','',8,'admin','2021-01-14 17:10:34','',NULL),
(104,'9','update_time','æ›´æ–°æ—¶é—´','datetime','Date','updateTime','0','0',NULL,'1','1',NULL,NULL,'EQ','datetime','',9,'admin','2021-01-14 17:10:34','',NULL),
(105,'9','remark','å¤‡æ³¨','varchar(255)','String','remark','0','0',NULL,'1','1','1',NULL,'EQ','input','',10,'admin','2021-01-14 17:10:34','',NULL),
(106,'10','oper_id','æ—¥å¿—ä¸»é”®','bigint','Long','operId','1','1',NULL,'1',NULL,NULL,NULL,'EQ','input','',1,'admin','2021-01-14 17:10:34','',NULL),
(107,'10','title','æ¨¡å—æ ‡é¢˜','varchar(50)','String','title','0','0',NULL,'1','1','1','1','EQ','input','',2,'admin','2021-01-14 17:10:34','',NULL),
(108,'10','business_type','ä¸šåŠ¡ç±»å‹ï¼ˆ0å…¶å®ƒ 1æ–°å¢ 2ä¿®æ”¹ 3åˆ é™¤ï¼‰','int','Long','businessType','0','0',NULL,'1','1','1','1','EQ','select','',3,'admin','2021-01-14 17:10:34','',NULL),
(109,'10','method','æ–¹æ³•åç§°','varchar(100)','String','method','0','0',NULL,'1','1','1','1','EQ','input','',4,'admin','2021-01-14 17:10:34','',NULL),
(110,'10','request_method','è¯·æ±‚æ–¹å¼','varchar(10)','String','requestMethod','0','0',NULL,'1','1','1','1','EQ','input','',5,'admin','2021-01-14 17:10:34','',NULL),
(111,'10','operator_type','æ“ä½œç±»åˆ«ï¼ˆ0å…¶å®ƒ 1åå°ç”¨æˆ· 2æ‰‹æœºç«¯ç”¨æˆ·ï¼‰','int','Long','operatorType','0','0',NULL,'1','1','1','1','EQ','select','',6,'admin','2021-01-14 17:10:34','',NULL),
(112,'10','oper_name','æ“ä½œäººå‘˜','varchar(50)','String','operName','0','0',NULL,'1','1','1','1','LIKE','input','',7,'admin','2021-01-14 17:10:34','',NULL),
(113,'10','dept_name','éƒ¨é—¨åç§°','varchar(50)','String','deptName','0','0',NULL,'1','1','1','1','LIKE','input','',8,'admin','2021-01-14 17:10:34','',NULL),
(114,'10','oper_url','è¯·æ±‚URL','varchar(255)','String','operUrl','0','0',NULL,'1','1','1','1','EQ','input','',9,'admin','2021-01-14 17:10:34','',NULL),
(115,'10','oper_ip','ä¸»æœºåœ°å€','varchar(50)','String','operIp','0','0',NULL,'1','1','1','1','EQ','input','',10,'admin','2021-01-14 17:10:34','',NULL),
(116,'10','oper_location','æ“ä½œåœ°ç‚¹','varchar(255)','String','operLocation','0','0',NULL,'1','1','1','1','EQ','input','',11,'admin','2021-01-14 17:10:34','',NULL),
(117,'10','oper_param','è¯·æ±‚å‚æ•°','varchar(2000)','String','operParam','0','0',NULL,'1','1','1','1','EQ','textarea','',12,'admin','2021-01-14 17:10:34','',NULL),
(118,'10','json_result','è¿”å›å‚æ•°','varchar(2000)','String','jsonResult','0','0',NULL,'1','1','1','1','EQ','textarea','',13,'admin','2021-01-14 17:10:34','',NULL),
(119,'10','status','æ“ä½œçŠ¶æ€ï¼ˆ0æ­£å¸¸ 1å¼‚å¸¸ï¼‰','int','Long','status','0','0',NULL,'1','1','1','1','EQ','radio','',14,'admin','2021-01-14 17:10:34','',NULL),
(120,'10','error_msg','é”™è¯¯æ¶ˆæ¯','varchar(2000)','String','errorMsg','0','0',NULL,'1','1','1','1','EQ','textarea','',15,'admin','2021-01-14 17:10:34','',NULL),
(121,'10','oper_time','æ“ä½œæ—¶é—´','datetime','Date','operTime','0','0',NULL,'1','1','1','1','EQ','datetime','',16,'admin','2021-01-14 17:10:34','',NULL);

/*Table structure for table `qrtz_blob_triggers` */

DROP TABLE IF EXISTS `qrtz_blob_triggers`;

CREATE TABLE `qrtz_blob_triggers` (
  `sched_name` varchar(120) NOT NULL,
  `trigger_name` varchar(200) NOT NULL,
  `trigger_group` varchar(200) NOT NULL,
  `blob_data` blob,
  PRIMARY KEY (`sched_name`,`trigger_name`,`trigger_group`),
  CONSTRAINT `qrtz_blob_triggers_ibfk_1` FOREIGN KEY (`sched_name`, `trigger_name`, `trigger_group`) REFERENCES `qrtz_triggers` (`sched_name`, `trigger_name`, `trigger_group`)
) ENGINE=InnoDB DEFAULT CHARSET=utf8mb4 COLLATE=utf8mb4_0900_ai_ci;

/*Data for the table `qrtz_blob_triggers` */

/*Table structure for table `qrtz_calendars` */

DROP TABLE IF EXISTS `qrtz_calendars`;

CREATE TABLE `qrtz_calendars` (
  `sched_name` varchar(120) NOT NULL,
  `calendar_name` varchar(200) NOT NULL,
  `calendar` blob NOT NULL,
  PRIMARY KEY (`sched_name`,`calendar_name`)
) ENGINE=InnoDB DEFAULT CHARSET=utf8mb4 COLLATE=utf8mb4_0900_ai_ci;

/*Data for the table `qrtz_calendars` */

/*Table structure for table `qrtz_cron_triggers` */

DROP TABLE IF EXISTS `qrtz_cron_triggers`;

CREATE TABLE `qrtz_cron_triggers` (
  `sched_name` varchar(120) NOT NULL,
  `trigger_name` varchar(200) NOT NULL,
  `trigger_group` varchar(200) NOT NULL,
  `cron_expression` varchar(200) NOT NULL,
  `time_zone_id` varchar(80) DEFAULT NULL,
  PRIMARY KEY (`sched_name`,`trigger_name`,`trigger_group`),
  CONSTRAINT `qrtz_cron_triggers_ibfk_1` FOREIGN KEY (`sched_name`, `trigger_name`, `trigger_group`) REFERENCES `qrtz_triggers` (`sched_name`, `trigger_name`, `trigger_group`)
) ENGINE=InnoDB DEFAULT CHARSET=utf8mb4 COLLATE=utf8mb4_0900_ai_ci;

/*Data for the table `qrtz_cron_triggers` */

insert  into `qrtz_cron_triggers`(`sched_name`,`trigger_name`,`trigger_group`,`cron_expression`,`time_zone_id`) values 
('RuoyiScheduler','TASK_CLASS_NAME1','DEFAULT','0/10 * * * * ?','Asia/Shanghai'),
('RuoyiScheduler','TASK_CLASS_NAME2','DEFAULT','0/15 * * * * ?','Asia/Shanghai'),
('RuoyiScheduler','TASK_CLASS_NAME3','DEFAULT','0/20 * * * * ?','Asia/Shanghai');

/*Table structure for table `qrtz_fired_triggers` */

DROP TABLE IF EXISTS `qrtz_fired_triggers`;

CREATE TABLE `qrtz_fired_triggers` (
  `sched_name` varchar(120) NOT NULL,
  `entry_id` varchar(95) NOT NULL,
  `trigger_name` varchar(200) NOT NULL,
  `trigger_group` varchar(200) NOT NULL,
  `instance_name` varchar(200) NOT NULL,
  `fired_time` bigint NOT NULL,
  `sched_time` bigint NOT NULL,
  `priority` int NOT NULL,
  `state` varchar(16) NOT NULL,
  `job_name` varchar(200) DEFAULT NULL,
  `job_group` varchar(200) DEFAULT NULL,
  `is_nonconcurrent` varchar(1) DEFAULT NULL,
  `requests_recovery` varchar(1) DEFAULT NULL,
  PRIMARY KEY (`sched_name`,`entry_id`)
) ENGINE=InnoDB DEFAULT CHARSET=utf8mb4 COLLATE=utf8mb4_0900_ai_ci;

/*Data for the table `qrtz_fired_triggers` */

/*Table structure for table `qrtz_job_details` */

DROP TABLE IF EXISTS `qrtz_job_details`;

CREATE TABLE `qrtz_job_details` (
  `sched_name` varchar(120) NOT NULL,
  `job_name` varchar(200) NOT NULL,
  `job_group` varchar(200) NOT NULL,
  `description` varchar(250) DEFAULT NULL,
  `job_class_name` varchar(250) NOT NULL,
  `is_durable` varchar(1) NOT NULL,
  `is_nonconcurrent` varchar(1) NOT NULL,
  `is_update_data` varchar(1) NOT NULL,
  `requests_recovery` varchar(1) NOT NULL,
  `job_data` blob,
  PRIMARY KEY (`sched_name`,`job_name`,`job_group`)
) ENGINE=InnoDB DEFAULT CHARSET=utf8mb4 COLLATE=utf8mb4_0900_ai_ci;

/*Data for the table `qrtz_job_details` */

insert  into `qrtz_job_details`(`sched_name`,`job_name`,`job_group`,`description`,`job_class_name`,`is_durable`,`is_nonconcurrent`,`is_update_data`,`requests_recovery`,`job_data`) values 
('RuoyiScheduler','TASK_CLASS_NAME1','DEFAULT',NULL,'com.joolun.quartz.util.QuartzDisallowConcurrentExecution','0','1','0','0','¬í\0sr\0org.quartz.JobDataMapŸ°ƒè¿©°Ë\0\0xr\0&org.quartz.utils.StringKeyDirtyFlagMap‚èÃûÅ](\0Z\0allowsTransientDataxr\0org.quartz.utils.DirtyFlagMapæ.­(v\nÎ\0Z\0dirtyL\0mapt\0Ljava/util/Map;xpsr\0java.util.HashMapÚÁÃ`Ñ\0F\0\nloadFactorI\0	thresholdxp?@\0\0\0\0\0w\0\0\0\0\0\0t\0TASK_PROPERTIESsr\0com.joolun.quartz.domain.SysJob\0\0\0\0\0\0\0\0L\0\nconcurrentt\0Ljava/lang/String;L\0cronExpressionq\0~\0	L\0invokeTargetq\0~\0	L\0jobGroupq\0~\0	L\0jobIdt\0Ljava/lang/Long;L\0jobNameq\0~\0	L\0\rmisfirePolicyq\0~\0	L\0statusq\0~\0	xr\0(com.joolun.common.core.domain.BaseEntity\0\0\0\0\0\0\0\0L\0createByq\0~\0	L\0\ncreateTimet\0Ljava/util/Date;L\0paramsq\0~\0L\0remarkq\0~\0	L\0searchValueq\0~\0	L\0updateByq\0~\0	L\0\nupdateTimeq\0~\0xpt\0adminsr\0java.util.DatehjKYt\0\0xpw\0\0vÿÕˆèxpt\0\0pppt\01t\00/10 * * * * ?t\0ryTask.ryNoParamst\0DEFAULTsr\0java.lang.Long;‹äÌ#ß\0J\0valuexr\0java.lang.Number†¬•”à‹\0\0xp\0\0\0\0\0\0\0t\0ç³»ç»Ÿé»˜è®¤ï¼ˆæ— å‚ï¼‰t\03t\01x\0'),
('RuoyiScheduler','TASK_CLASS_NAME2','DEFAULT',NULL,'com.joolun.quartz.util.QuartzDisallowConcurrentExecution','0','1','0','0','¬í\0sr\0org.quartz.JobDataMapŸ°ƒè¿©°Ë\0\0xr\0&org.quartz.utils.StringKeyDirtyFlagMap‚èÃûÅ](\0Z\0allowsTransientDataxr\0org.quartz.utils.DirtyFlagMapæ.­(v\nÎ\0Z\0dirtyL\0mapt\0Ljava/util/Map;xpsr\0java.util.HashMapÚÁÃ`Ñ\0F\0\nloadFactorI\0	thresholdxp?@\0\0\0\0\0w\0\0\0\0\0\0t\0TASK_PROPERTIESsr\0com.joolun.quartz.domain.SysJob\0\0\0\0\0\0\0\0L\0\nconcurrentt\0Ljava/lang/String;L\0cronExpressionq\0~\0	L\0invokeTargetq\0~\0	L\0jobGroupq\0~\0	L\0jobIdt\0Ljava/lang/Long;L\0jobNameq\0~\0	L\0\rmisfirePolicyq\0~\0	L\0statusq\0~\0	xr\0(com.joolun.common.core.domain.BaseEntity\0\0\0\0\0\0\0\0L\0createByq\0~\0	L\0\ncreateTimet\0Ljava/util/Date;L\0paramsq\0~\0L\0remarkq\0~\0	L\0searchValueq\0~\0	L\0updateByq\0~\0	L\0\nupdateTimeq\0~\0xpt\0adminsr\0java.util.DatehjKYt\0\0xpw\0\0vÿÕˆèxpt\0\0pppt\01t\00/15 * * * * ?t\0ryTask.ryParams(\'ry\')t\0DEFAULTsr\0java.lang.Long;‹äÌ#ß\0J\0valuexr\0java.lang.Number†¬•”à‹\0\0xp\0\0\0\0\0\0\0t\0ç³»ç»Ÿé»˜è®¤ï¼ˆæœ‰å‚ï¼‰t\03t\01x\0'),
('RuoyiScheduler','TASK_CLASS_NAME3','DEFAULT',NULL,'com.joolun.quartz.util.QuartzDisallowConcurrentExecution','0','1','0','0','¬í\0sr\0org.quartz.JobDataMapŸ°ƒè¿©°Ë\0\0xr\0&org.quartz.utils.StringKeyDirtyFlagMap‚èÃûÅ](\0Z\0allowsTransientDataxr\0org.quartz.utils.DirtyFlagMapæ.­(v\nÎ\0Z\0dirtyL\0mapt\0Ljava/util/Map;xpsr\0java.util.HashMapÚÁÃ`Ñ\0F\0\nloadFactorI\0	thresholdxp?@\0\0\0\0\0w\0\0\0\0\0\0t\0TASK_PROPERTIESsr\0com.joolun.quartz.domain.SysJob\0\0\0\0\0\0\0\0L\0\nconcurrentt\0Ljava/lang/String;L\0cronExpressionq\0~\0	L\0invokeTargetq\0~\0	L\0jobGroupq\0~\0	L\0jobIdt\0Ljava/lang/Long;L\0jobNameq\0~\0	L\0\rmisfirePolicyq\0~\0	L\0statusq\0~\0	xr\0(com.joolun.common.core.domain.BaseEntity\0\0\0\0\0\0\0\0L\0createByq\0~\0	L\0\ncreateTimet\0Ljava/util/Date;L\0paramsq\0~\0L\0remarkq\0~\0	L\0searchValueq\0~\0	L\0updateByq\0~\0	L\0\nupdateTimeq\0~\0xpt\0adminsr\0java.util.DatehjKYt\0\0xpw\0\0vÿÕˆèxpt\0\0pppt\01t\00/20 * * * * ?t\08ryTask.ryMultipleParams(\'ry\', true, 2000L, 316.50D, 100)t\0DEFAULTsr\0java.lang.Long;‹äÌ#ß\0J\0valuexr\0java.lang.Number†¬•”à‹\0\0xp\0\0\0\0\0\0\0t\0ç³»ç»Ÿé»˜è®¤ï¼ˆå¤šå‚ï¼‰t\03t\01x\0');

/*Table structure for table `qrtz_locks` */

DROP TABLE IF EXISTS `qrtz_locks`;

CREATE TABLE `qrtz_locks` (
  `sched_name` varchar(120) NOT NULL,
  `lock_name` varchar(40) NOT NULL,
  PRIMARY KEY (`sched_name`,`lock_name`)
) ENGINE=InnoDB DEFAULT CHARSET=utf8mb4 COLLATE=utf8mb4_0900_ai_ci;

/*Data for the table `qrtz_locks` */

insert  into `qrtz_locks`(`sched_name`,`lock_name`) values 
('RuoyiScheduler','STATE_ACCESS'),
('RuoyiScheduler','TRIGGER_ACCESS');

/*Table structure for table `qrtz_paused_trigger_grps` */

DROP TABLE IF EXISTS `qrtz_paused_trigger_grps`;

CREATE TABLE `qrtz_paused_trigger_grps` (
  `sched_name` varchar(120) NOT NULL,
  `trigger_group` varchar(200) NOT NULL,
  PRIMARY KEY (`sched_name`,`trigger_group`)
) ENGINE=InnoDB DEFAULT CHARSET=utf8mb4 COLLATE=utf8mb4_0900_ai_ci;

/*Data for the table `qrtz_paused_trigger_grps` */

/*Table structure for table `qrtz_scheduler_state` */

DROP TABLE IF EXISTS `qrtz_scheduler_state`;

CREATE TABLE `qrtz_scheduler_state` (
  `sched_name` varchar(120) NOT NULL,
  `instance_name` varchar(200) NOT NULL,
  `last_checkin_time` bigint NOT NULL,
  `checkin_interval` bigint NOT NULL,
  PRIMARY KEY (`sched_name`,`instance_name`)
) ENGINE=InnoDB DEFAULT CHARSET=utf8mb4 COLLATE=utf8mb4_0900_ai_ci;

/*Data for the table `qrtz_scheduler_state` */

insert  into `qrtz_scheduler_state`(`sched_name`,`instance_name`,`last_checkin_time`,`checkin_interval`) values 
('RuoyiScheduler','JL-PC1610724997874',1610726530603,15000);

/*Table structure for table `qrtz_simple_triggers` */

DROP TABLE IF EXISTS `qrtz_simple_triggers`;

CREATE TABLE `qrtz_simple_triggers` (
  `sched_name` varchar(120) NOT NULL,
  `trigger_name` varchar(200) NOT NULL,
  `trigger_group` varchar(200) NOT NULL,
  `repeat_count` bigint NOT NULL,
  `repeat_interval` bigint NOT NULL,
  `times_triggered` bigint NOT NULL,
  PRIMARY KEY (`sched_name`,`trigger_name`,`trigger_group`),
  CONSTRAINT `qrtz_simple_triggers_ibfk_1` FOREIGN KEY (`sched_name`, `trigger_name`, `trigger_group`) REFERENCES `qrtz_triggers` (`sched_name`, `trigger_name`, `trigger_group`)
) ENGINE=InnoDB DEFAULT CHARSET=utf8mb4 COLLATE=utf8mb4_0900_ai_ci;

/*Data for the table `qrtz_simple_triggers` */

/*Table structure for table `qrtz_simprop_triggers` */

DROP TABLE IF EXISTS `qrtz_simprop_triggers`;

CREATE TABLE `qrtz_simprop_triggers` (
  `sched_name` varchar(120) NOT NULL,
  `trigger_name` varchar(200) NOT NULL,
  `trigger_group` varchar(200) NOT NULL,
  `str_prop_1` varchar(512) DEFAULT NULL,
  `str_prop_2` varchar(512) DEFAULT NULL,
  `str_prop_3` varchar(512) DEFAULT NULL,
  `int_prop_1` int DEFAULT NULL,
  `int_prop_2` int DEFAULT NULL,
  `long_prop_1` bigint DEFAULT NULL,
  `long_prop_2` bigint DEFAULT NULL,
  `dec_prop_1` decimal(13,4) DEFAULT NULL,
  `dec_prop_2` decimal(13,4) DEFAULT NULL,
  `bool_prop_1` varchar(1) DEFAULT NULL,
  `bool_prop_2` varchar(1) DEFAULT NULL,
  PRIMARY KEY (`sched_name`,`trigger_name`,`trigger_group`),
  CONSTRAINT `qrtz_simprop_triggers_ibfk_1` FOREIGN KEY (`sched_name`, `trigger_name`, `trigger_group`) REFERENCES `qrtz_triggers` (`sched_name`, `trigger_name`, `trigger_group`)
) ENGINE=InnoDB DEFAULT CHARSET=utf8mb4 COLLATE=utf8mb4_0900_ai_ci;

/*Data for the table `qrtz_simprop_triggers` */

/*Table structure for table `qrtz_triggers` */

DROP TABLE IF EXISTS `qrtz_triggers`;

CREATE TABLE `qrtz_triggers` (
  `sched_name` varchar(120) NOT NULL,
  `trigger_name` varchar(200) NOT NULL,
  `trigger_group` varchar(200) NOT NULL,
  `job_name` varchar(200) NOT NULL,
  `job_group` varchar(200) NOT NULL,
  `description` varchar(250) DEFAULT NULL,
  `next_fire_time` bigint DEFAULT NULL,
  `prev_fire_time` bigint DEFAULT NULL,
  `priority` int DEFAULT NULL,
  `trigger_state` varchar(16) NOT NULL,
  `trigger_type` varchar(8) NOT NULL,
  `start_time` bigint NOT NULL,
  `end_time` bigint DEFAULT NULL,
  `calendar_name` varchar(200) DEFAULT NULL,
  `misfire_instr` smallint DEFAULT NULL,
  `job_data` blob,
  PRIMARY KEY (`sched_name`,`trigger_name`,`trigger_group`),
  KEY `sched_name` (`sched_name`,`job_name`,`job_group`),
  CONSTRAINT `qrtz_triggers_ibfk_1` FOREIGN KEY (`sched_name`, `job_name`, `job_group`) REFERENCES `qrtz_job_details` (`sched_name`, `job_name`, `job_group`)
) ENGINE=InnoDB DEFAULT CHARSET=utf8mb4 COLLATE=utf8mb4_0900_ai_ci;

/*Data for the table `qrtz_triggers` */

insert  into `qrtz_triggers`(`sched_name`,`trigger_name`,`trigger_group`,`job_name`,`job_group`,`description`,`next_fire_time`,`prev_fire_time`,`priority`,`trigger_state`,`trigger_type`,`start_time`,`end_time`,`calendar_name`,`misfire_instr`,`job_data`) values 
('RuoyiScheduler','TASK_CLASS_NAME1','DEFAULT','TASK_CLASS_NAME1','DEFAULT',NULL,1610725000000,-1,5,'PAUSED','CRON',1610724997000,0,NULL,2,''),
('RuoyiScheduler','TASK_CLASS_NAME2','DEFAULT','TASK_CLASS_NAME2','DEFAULT',NULL,1610725005000,-1,5,'PAUSED','CRON',1610724997000,0,NULL,2,''),
('RuoyiScheduler','TASK_CLASS_NAME3','DEFAULT','TASK_CLASS_NAME3','DEFAULT',NULL,1610725000000,-1,5,'PAUSED','CRON',1610724998000,0,NULL,2,'');

/*Table structure for table `sys_config` */

DROP TABLE IF EXISTS `sys_config`;

CREATE TABLE `sys_config` (
  `config_id` int NOT NULL AUTO_INCREMENT COMMENT 'å‚æ•°ä¸»é”®',
  `config_name` varchar(100) DEFAULT '' COMMENT 'å‚æ•°åç§°',
  `config_key` varchar(100) DEFAULT '' COMMENT 'å‚æ•°é”®å',
  `config_value` varchar(500) DEFAULT '' COMMENT 'å‚æ•°é”®å€¼',
  `config_type` char(1) DEFAULT 'N' COMMENT 'ç³»ç»Ÿå†…ç½®ï¼ˆYæ˜¯ Nå¦ï¼‰',
  `create_by` varchar(64) DEFAULT '' COMMENT 'åˆ›å»ºè€…',
  `create_time` datetime DEFAULT NULL COMMENT 'åˆ›å»ºæ—¶é—´',
  `update_by` varchar(64) DEFAULT '' COMMENT 'æ›´æ–°è€…',
  `update_time` datetime DEFAULT NULL COMMENT 'æ›´æ–°æ—¶é—´',
  `remark` varchar(500) DEFAULT NULL COMMENT 'å¤‡æ³¨',
  PRIMARY KEY (`config_id`)
) ENGINE=InnoDB AUTO_INCREMENT=100 DEFAULT CHARSET=utf8mb4 COLLATE=utf8mb4_0900_ai_ci COMMENT='å‚æ•°é…ç½®è¡¨';

/*Data for the table `sys_config` */

insert  into `sys_config`(`config_id`,`config_name`,`config_key`,`config_value`,`config_type`,`create_by`,`create_time`,`update_by`,`update_time`,`remark`) values 
(1,'ä¸»æ¡†æ¶é¡µ-é»˜è®¤çš®è‚¤æ ·å¼åç§°','sys.index.skinName','skin-blue','Y','admin','2021-01-14 15:39:13','',NULL,'è“è‰² skin-blueã€ç»¿è‰² skin-greenã€ç´«è‰² skin-purpleã€çº¢è‰² skin-redã€é»„è‰² skin-yellow'),
(2,'ç”¨æˆ·ç®¡ç†-è´¦å·åˆå§‹å¯†ç ','sys.user.initPassword','123456','Y','admin','2021-01-14 15:39:13','',NULL,'åˆå§‹åŒ–å¯†ç  123456'),
(3,'ä¸»æ¡†æ¶é¡µ-ä¾§è¾¹æ ä¸»é¢˜','sys.index.sideTheme','theme-dark','Y','admin','2021-01-14 15:39:13','',NULL,'æ·±è‰²ä¸»é¢˜theme-darkï¼Œæµ…è‰²ä¸»é¢˜theme-light');

/*Table structure for table `sys_dept` */

DROP TABLE IF EXISTS `sys_dept`;

CREATE TABLE `sys_dept` (
  `dept_id` bigint NOT NULL AUTO_INCREMENT COMMENT 'éƒ¨é—¨id',
  `parent_id` bigint DEFAULT '0' COMMENT 'çˆ¶éƒ¨é—¨id',
  `ancestors` varchar(50) DEFAULT '' COMMENT 'ç¥–çº§åˆ—è¡¨',
  `dept_name` varchar(30) DEFAULT '' COMMENT 'éƒ¨é—¨åç§°',
  `order_num` int DEFAULT '0' COMMENT 'æ˜¾ç¤ºé¡ºåº',
  `leader` varchar(20) DEFAULT NULL COMMENT 'è´Ÿè´£äºº',
  `phone` varchar(11) DEFAULT NULL COMMENT 'è”ç³»ç”µè¯',
  `email` varchar(50) DEFAULT NULL COMMENT 'é‚®ç®±',
  `status` char(1) DEFAULT '0' COMMENT 'éƒ¨é—¨çŠ¶æ€ï¼ˆ0æ­£å¸¸ 1åœç”¨ï¼‰',
  `del_flag` char(1) DEFAULT '0' COMMENT 'åˆ é™¤æ ‡å¿—ï¼ˆ0ä»£è¡¨å­˜åœ¨ 2ä»£è¡¨åˆ é™¤ï¼‰',
  `create_by` varchar(64) DEFAULT '' COMMENT 'åˆ›å»ºè€…',
  `create_time` datetime DEFAULT NULL COMMENT 'åˆ›å»ºæ—¶é—´',
  `update_by` varchar(64) DEFAULT '' COMMENT 'æ›´æ–°è€…',
  `update_time` datetime DEFAULT NULL COMMENT 'æ›´æ–°æ—¶é—´',
  PRIMARY KEY (`dept_id`)
) ENGINE=InnoDB AUTO_INCREMENT=200 DEFAULT CHARSET=utf8mb4 COLLATE=utf8mb4_0900_ai_ci COMMENT='éƒ¨é—¨è¡¨';

/*Data for the table `sys_dept` */

insert  into `sys_dept`(`dept_id`,`parent_id`,`ancestors`,`dept_name`,`order_num`,`leader`,`phone`,`email`,`status`,`del_flag`,`create_by`,`create_time`,`update_by`,`update_time`) values 
(100,0,'0','JooLunç§‘æŠ€',0,'JooLun','15888888888','JooLun@qq.com','0','0','admin','2021-01-14 15:39:13','admin','2021-01-16 00:01:09'),
(101,100,'0,100','æ·±åœ³æ€»å…¬å¸',1,'JooLun','15888888888','JooLun@qq.com','0','0','admin','2021-01-14 15:39:13','admin','2021-01-16 00:00:57'),
(102,100,'0,100','é•¿æ²™åˆ†å…¬å¸',2,'JooLun','15888888888','ry@qq.com','0','0','admin','2021-01-14 15:39:13','admin','2021-01-16 00:01:09'),
(103,101,'0,100,101','ç ”å‘éƒ¨é—¨',1,'JooLun','15888888888','JooLun@qq.com','0','0','admin','2021-01-14 15:39:13','admin','2021-01-16 00:00:40'),
(104,101,'0,100,101','å¸‚åœºéƒ¨é—¨',2,'JooLun','15888888888','ry@qq.com','0','0','admin','2021-01-14 15:39:13','admin','2021-01-16 00:00:45'),
(105,101,'0,100,101','æµ‹è¯•éƒ¨é—¨',3,'JooLun','15888888888','ry@qq.com','0','0','admin','2021-01-14 15:39:13','admin','2021-01-16 00:00:48'),
(106,101,'0,100,101','è´¢åŠ¡éƒ¨é—¨',4,'JooLun','15888888888','ry@qq.com','0','0','admin','2021-01-14 15:39:13','admin','2021-01-16 00:00:54'),
(107,101,'0,100,101','è¿ç»´éƒ¨é—¨',5,'JooLun','15888888888','ry@qq.com','0','0','admin','2021-01-14 15:39:13','admin','2021-01-16 00:00:57'),
(108,102,'0,100,102','å¸‚åœºéƒ¨é—¨',1,'JooLun','15888888888','ry@qq.com','0','0','admin','2021-01-14 15:39:13','admin','2021-01-16 00:01:05'),
(109,102,'0,100,102','è´¢åŠ¡éƒ¨é—¨',2,'JooLun','15888888888','ry@qq.com','0','0','admin','2021-01-14 15:39:13','admin','2021-01-16 00:01:09');

/*Table structure for table `sys_dict_data` */

DROP TABLE IF EXISTS `sys_dict_data`;

CREATE TABLE `sys_dict_data` (
  `dict_code` bigint NOT NULL AUTO_INCREMENT COMMENT 'å­—å…¸ç¼–ç ',
  `dict_sort` int DEFAULT '0' COMMENT 'å­—å…¸æ’åº',
  `dict_label` varchar(100) DEFAULT '' COMMENT 'å­—å…¸æ ‡ç­¾',
  `dict_value` varchar(100) DEFAULT '' COMMENT 'å­—å…¸é”®å€¼',
  `dict_type` varchar(100) DEFAULT '' COMMENT 'å­—å…¸ç±»å‹',
  `css_class` varchar(100) DEFAULT NULL COMMENT 'æ ·å¼å±æ€§ï¼ˆå…¶ä»–æ ·å¼æ‰©å±•ï¼‰',
  `list_class` varchar(100) DEFAULT NULL COMMENT 'è¡¨æ ¼å›æ˜¾æ ·å¼',
  `is_default` char(1) DEFAULT 'N' COMMENT 'æ˜¯å¦é»˜è®¤ï¼ˆYæ˜¯ Nå¦ï¼‰',
  `status` char(1) DEFAULT '0' COMMENT 'çŠ¶æ€ï¼ˆ0æ­£å¸¸ 1åœç”¨ï¼‰',
  `create_by` varchar(64) DEFAULT '' COMMENT 'åˆ›å»ºè€…',
  `create_time` datetime DEFAULT NULL COMMENT 'åˆ›å»ºæ—¶é—´',
  `update_by` varchar(64) DEFAULT '' COMMENT 'æ›´æ–°è€…',
  `update_time` datetime DEFAULT NULL COMMENT 'æ›´æ–°æ—¶é—´',
  `remark` varchar(500) DEFAULT NULL COMMENT 'å¤‡æ³¨',
  PRIMARY KEY (`dict_code`)
) ENGINE=InnoDB AUTO_INCREMENT=100 DEFAULT CHARSET=utf8mb4 COLLATE=utf8mb4_0900_ai_ci COMMENT='å­—å…¸æ•°æ®è¡¨';

/*Data for the table `sys_dict_data` */

insert  into `sys_dict_data`(`dict_code`,`dict_sort`,`dict_label`,`dict_value`,`dict_type`,`css_class`,`list_class`,`is_default`,`status`,`create_by`,`create_time`,`update_by`,`update_time`,`remark`) values 
(1,1,'ç”·','0','sys_user_sex','','','Y','0','admin','2021-01-14 15:39:13','',NULL,'æ€§åˆ«ç”·'),
(2,2,'å¥³','1','sys_user_sex','','','N','0','admin','2021-01-14 15:39:13','',NULL,'æ€§åˆ«å¥³'),
(3,3,'æœªçŸ¥','2','sys_user_sex','','','N','0','admin','2021-01-14 15:39:13','',NULL,'æ€§åˆ«æœªçŸ¥'),
(4,1,'æ˜¾ç¤º','0','sys_show_hide','','primary','Y','0','admin','2021-01-14 15:39:13','',NULL,'æ˜¾ç¤ºèœå•'),
(5,2,'éšè—','1','sys_show_hide','','danger','N','0','admin','2021-01-14 15:39:13','',NULL,'éšè—èœå•'),
(6,1,'æ­£å¸¸','0','sys_normal_disable','','primary','Y','0','admin','2021-01-14 15:39:13','',NULL,'æ­£å¸¸çŠ¶æ€'),
(7,2,'åœç”¨','1','sys_normal_disable','','danger','N','0','admin','2021-01-14 15:39:13','',NULL,'åœç”¨çŠ¶æ€'),
(8,1,'æ­£å¸¸','0','sys_job_status','','primary','Y','0','admin','2021-01-14 15:39:13','',NULL,'æ­£å¸¸çŠ¶æ€'),
(9,2,'æš‚åœ','1','sys_job_status','','danger','N','0','admin','2021-01-14 15:39:13','',NULL,'åœç”¨çŠ¶æ€'),
(10,1,'é»˜è®¤','DEFAULT','sys_job_group','','','Y','0','admin','2021-01-14 15:39:13','',NULL,'é»˜è®¤åˆ†ç»„'),
(11,2,'ç³»ç»Ÿ','SYSTEM','sys_job_group','','','N','0','admin','2021-01-14 15:39:13','',NULL,'ç³»ç»Ÿåˆ†ç»„'),
(12,1,'æ˜¯','Y','sys_yes_no','','primary','Y','0','admin','2021-01-14 15:39:13','',NULL,'ç³»ç»Ÿé»˜è®¤æ˜¯'),
(13,2,'å¦','N','sys_yes_no','','danger','N','0','admin','2021-01-14 15:39:13','',NULL,'ç³»ç»Ÿé»˜è®¤å¦'),
(14,1,'é€šçŸ¥','1','sys_notice_type','','warning','Y','0','admin','2021-01-14 15:39:13','',NULL,'é€šçŸ¥'),
(15,2,'å…¬å‘Š','2','sys_notice_type','','success','N','0','admin','2021-01-14 15:39:13','',NULL,'å…¬å‘Š'),
(16,1,'æ­£å¸¸','0','sys_notice_status','','primary','Y','0','admin','2021-01-14 15:39:13','',NULL,'æ­£å¸¸çŠ¶æ€'),
(17,2,'å…³é—­','1','sys_notice_status','','danger','N','0','admin','2021-01-14 15:39:13','',NULL,'å…³é—­çŠ¶æ€'),
(18,1,'æ–°å¢','1','sys_oper_type','','info','N','0','admin','2021-01-14 15:39:13','',NULL,'æ–°å¢æ“ä½œ'),
(19,2,'ä¿®æ”¹','2','sys_oper_type','','info','N','0','admin','2021-01-14 15:39:13','',NULL,'ä¿®æ”¹æ“ä½œ'),
(20,3,'åˆ é™¤','3','sys_oper_type','','danger','N','0','admin','2021-01-14 15:39:13','',NULL,'åˆ é™¤æ“ä½œ'),
(21,4,'æˆæƒ','4','sys_oper_type','','primary','N','0','admin','2021-01-14 15:39:13','',NULL,'æˆæƒæ“ä½œ'),
(22,5,'å¯¼å‡º','5','sys_oper_type','','warning','N','0','admin','2021-01-14 15:39:13','',NULL,'å¯¼å‡ºæ“ä½œ'),
(23,6,'å¯¼å…¥','6','sys_oper_type','','warning','N','0','admin','2021-01-14 15:39:13','',NULL,'å¯¼å…¥æ“ä½œ'),
(24,7,'å¼ºé€€','7','sys_oper_type','','danger','N','0','admin','2021-01-14 15:39:13','',NULL,'å¼ºé€€æ“ä½œ'),
(25,8,'ç”Ÿæˆä»£ç ','8','sys_oper_type','','warning','N','0','admin','2021-01-14 15:39:13','',NULL,'ç”Ÿæˆæ“ä½œ'),
(26,9,'æ¸…ç©ºæ•°æ®','9','sys_oper_type','','danger','N','0','admin','2021-01-14 15:39:13','',NULL,'æ¸…ç©ºæ“ä½œ'),
(27,1,'æˆåŠŸ','0','sys_common_status','','primary','N','0','admin','2021-01-14 15:39:13','',NULL,'æ­£å¸¸çŠ¶æ€'),
(28,2,'å¤±è´¥','1','sys_common_status','','danger','N','0','admin','2021-01-14 15:39:13','',NULL,'åœç”¨çŠ¶æ€');

/*Table structure for table `sys_dict_type` */

DROP TABLE IF EXISTS `sys_dict_type`;

CREATE TABLE `sys_dict_type` (
  `dict_id` bigint NOT NULL AUTO_INCREMENT COMMENT 'å­—å…¸ä¸»é”®',
  `dict_name` varchar(100) DEFAULT '' COMMENT 'å­—å…¸åç§°',
  `dict_type` varchar(100) DEFAULT '' COMMENT 'å­—å…¸ç±»å‹',
  `status` char(1) DEFAULT '0' COMMENT 'çŠ¶æ€ï¼ˆ0æ­£å¸¸ 1åœç”¨ï¼‰',
  `create_by` varchar(64) DEFAULT '' COMMENT 'åˆ›å»ºè€…',
  `create_time` datetime DEFAULT NULL COMMENT 'åˆ›å»ºæ—¶é—´',
  `update_by` varchar(64) DEFAULT '' COMMENT 'æ›´æ–°è€…',
  `update_time` datetime DEFAULT NULL COMMENT 'æ›´æ–°æ—¶é—´',
  `remark` varchar(500) DEFAULT NULL COMMENT 'å¤‡æ³¨',
  PRIMARY KEY (`dict_id`),
  UNIQUE KEY `dict_type` (`dict_type`)
) ENGINE=InnoDB AUTO_INCREMENT=100 DEFAULT CHARSET=utf8mb4 COLLATE=utf8mb4_0900_ai_ci COMMENT='å­—å…¸ç±»å‹è¡¨';

/*Data for the table `sys_dict_type` */

insert  into `sys_dict_type`(`dict_id`,`dict_name`,`dict_type`,`status`,`create_by`,`create_time`,`update_by`,`update_time`,`remark`) values 
(1,'ç”¨æˆ·æ€§åˆ«','sys_user_sex','0','admin','2021-01-14 15:39:13','',NULL,'ç”¨æˆ·æ€§åˆ«åˆ—è¡¨'),
(2,'èœå•çŠ¶æ€','sys_show_hide','0','admin','2021-01-14 15:39:13','',NULL,'èœå•çŠ¶æ€åˆ—è¡¨'),
(3,'ç³»ç»Ÿå¼€å…³','sys_normal_disable','0','admin','2021-01-14 15:39:13','',NULL,'ç³»ç»Ÿå¼€å…³åˆ—è¡¨'),
(4,'ä»»åŠ¡çŠ¶æ€','sys_job_status','0','admin','2021-01-14 15:39:13','',NULL,'ä»»åŠ¡çŠ¶æ€åˆ—è¡¨'),
(5,'ä»»åŠ¡åˆ†ç»„','sys_job_group','0','admin','2021-01-14 15:39:13','',NULL,'ä»»åŠ¡åˆ†ç»„åˆ—è¡¨'),
(6,'ç³»ç»Ÿæ˜¯å¦','sys_yes_no','0','admin','2021-01-14 15:39:13','',NULL,'ç³»ç»Ÿæ˜¯å¦åˆ—è¡¨'),
(7,'é€šçŸ¥ç±»å‹','sys_notice_type','0','admin','2021-01-14 15:39:13','',NULL,'é€šçŸ¥ç±»å‹åˆ—è¡¨'),
(8,'é€šçŸ¥çŠ¶æ€','sys_notice_status','0','admin','2021-01-14 15:39:13','',NULL,'é€šçŸ¥çŠ¶æ€åˆ—è¡¨'),
(9,'æ“ä½œç±»å‹','sys_oper_type','0','admin','2021-01-14 15:39:13','',NULL,'æ“ä½œç±»å‹åˆ—è¡¨'),
(10,'ç³»ç»ŸçŠ¶æ€','sys_common_status','0','admin','2021-01-14 15:39:13','',NULL,'ç™»å½•çŠ¶æ€åˆ—è¡¨');

/*Table structure for table `sys_job` */

DROP TABLE IF EXISTS `sys_job`;

CREATE TABLE `sys_job` (
  `job_id` bigint NOT NULL AUTO_INCREMENT COMMENT 'ä»»åŠ¡ID',
  `job_name` varchar(64) NOT NULL DEFAULT '' COMMENT 'ä»»åŠ¡åç§°',
  `job_group` varchar(64) NOT NULL DEFAULT 'DEFAULT' COMMENT 'ä»»åŠ¡ç»„å',
  `invoke_target` varchar(500) NOT NULL COMMENT 'è°ƒç”¨ç›®æ ‡å­—ç¬¦ä¸²',
  `cron_expression` varchar(255) DEFAULT '' COMMENT 'cronæ‰§è¡Œè¡¨è¾¾å¼',
  `misfire_policy` varchar(20) DEFAULT '3' COMMENT 'è®¡åˆ’æ‰§è¡Œé”™è¯¯ç­–ç•¥ï¼ˆ1ç«‹å³æ‰§è¡Œ 2æ‰§è¡Œä¸€æ¬¡ 3æ”¾å¼ƒæ‰§è¡Œï¼‰',
  `concurrent` char(1) DEFAULT '1' COMMENT 'æ˜¯å¦å¹¶å‘æ‰§è¡Œï¼ˆ0å…è®¸ 1ç¦æ­¢ï¼‰',
  `status` char(1) DEFAULT '0' COMMENT 'çŠ¶æ€ï¼ˆ0æ­£å¸¸ 1æš‚åœï¼‰',
  `create_by` varchar(64) DEFAULT '' COMMENT 'åˆ›å»ºè€…',
  `create_time` datetime DEFAULT NULL COMMENT 'åˆ›å»ºæ—¶é—´',
  `update_by` varchar(64) DEFAULT '' COMMENT 'æ›´æ–°è€…',
  `update_time` datetime DEFAULT NULL COMMENT 'æ›´æ–°æ—¶é—´',
  `remark` varchar(500) DEFAULT '' COMMENT 'å¤‡æ³¨ä¿¡æ¯',
  PRIMARY KEY (`job_id`,`job_name`,`job_group`)
) ENGINE=InnoDB AUTO_INCREMENT=100 DEFAULT CHARSET=utf8mb4 COLLATE=utf8mb4_0900_ai_ci COMMENT='å®šæ—¶ä»»åŠ¡è°ƒåº¦è¡¨';

/*Data for the table `sys_job` */

insert  into `sys_job`(`job_id`,`job_name`,`job_group`,`invoke_target`,`cron_expression`,`misfire_policy`,`concurrent`,`status`,`create_by`,`create_time`,`update_by`,`update_time`,`remark`) values 
(1,'ç³»ç»Ÿé»˜è®¤ï¼ˆæ— å‚ï¼‰','DEFAULT','ryTask.ryNoParams','0/10 * * * * ?','3','1','1','admin','2021-01-14 15:39:13','',NULL,''),
(2,'ç³»ç»Ÿé»˜è®¤ï¼ˆæœ‰å‚ï¼‰','DEFAULT','ryTask.ryParams(\'ry\')','0/15 * * * * ?','3','1','1','admin','2021-01-14 15:39:13','',NULL,''),
(3,'ç³»ç»Ÿé»˜è®¤ï¼ˆå¤šå‚ï¼‰','DEFAULT','ryTask.ryMultipleParams(\'ry\', true, 2000L, 316.50D, 100)','0/20 * * * * ?','3','1','1','admin','2021-01-14 15:39:13','',NULL,'');

/*Table structure for table `sys_job_log` */

DROP TABLE IF EXISTS `sys_job_log`;

CREATE TABLE `sys_job_log` (
  `job_log_id` bigint NOT NULL AUTO_INCREMENT COMMENT 'ä»»åŠ¡æ—¥å¿—ID',
  `job_name` varchar(64) NOT NULL COMMENT 'ä»»åŠ¡åç§°',
  `job_group` varchar(64) NOT NULL COMMENT 'ä»»åŠ¡ç»„å',
  `invoke_target` varchar(500) NOT NULL COMMENT 'è°ƒç”¨ç›®æ ‡å­—ç¬¦ä¸²',
  `job_message` varchar(500) DEFAULT NULL COMMENT 'æ—¥å¿—ä¿¡æ¯',
  `status` char(1) DEFAULT '0' COMMENT 'æ‰§è¡ŒçŠ¶æ€ï¼ˆ0æ­£å¸¸ 1å¤±è´¥ï¼‰',
  `exception_info` varchar(2000) DEFAULT '' COMMENT 'å¼‚å¸¸ä¿¡æ¯',
  `create_time` datetime DEFAULT NULL COMMENT 'åˆ›å»ºæ—¶é—´',
  PRIMARY KEY (`job_log_id`)
) ENGINE=InnoDB DEFAULT CHARSET=utf8mb4 COLLATE=utf8mb4_0900_ai_ci COMMENT='å®šæ—¶ä»»åŠ¡è°ƒåº¦æ—¥å¿—è¡¨';

/*Data for the table `sys_job_log` */

/*Table structure for table `sys_logininfor` */

DROP TABLE IF EXISTS `sys_logininfor`;

CREATE TABLE `sys_logininfor` (
  `info_id` bigint NOT NULL AUTO_INCREMENT COMMENT 'è®¿é—®ID',
  `user_name` varchar(50) DEFAULT '' COMMENT 'ç”¨æˆ·è´¦å·',
  `ipaddr` varchar(50) DEFAULT '' COMMENT 'ç™»å½•IPåœ°å€',
  `login_location` varchar(255) DEFAULT '' COMMENT 'ç™»å½•åœ°ç‚¹',
  `browser` varchar(50) DEFAULT '' COMMENT 'æµè§ˆå™¨ç±»å‹',
  `os` varchar(50) DEFAULT '' COMMENT 'æ“ä½œç³»ç»Ÿ',
  `status` char(1) DEFAULT '0' COMMENT 'ç™»å½•çŠ¶æ€ï¼ˆ0æˆåŠŸ 1å¤±è´¥ï¼‰',
  `msg` varchar(255) DEFAULT '' COMMENT 'æç¤ºæ¶ˆæ¯',
  `login_time` datetime DEFAULT NULL COMMENT 'è®¿é—®æ—¶é—´',
  PRIMARY KEY (`info_id`)
) ENGINE=InnoDB AUTO_INCREMENT=132 DEFAULT CHARSET=utf8mb4 COLLATE=utf8mb4_0900_ai_ci COMMENT='ç³»ç»Ÿè®¿é—®è®°å½•';

/*Data for the table `sys_logininfor` */

insert  into `sys_logininfor`(`info_id`,`user_name`,`ipaddr`,`login_location`,`browser`,`os`,`status`,`msg`,`login_time`) values 
(100,'admin','127.0.0.1','å†…ç½‘IP','Chrome 8','Windows 10','1','éªŒè¯ç é”™è¯¯','2021-01-14 15:41:18'),
(101,'admin','127.0.0.1','å†…ç½‘IP','Chrome 8','Windows 10','0','ç™»å½•æˆåŠŸ','2021-01-14 15:41:22'),
(102,'admin','127.0.0.1','å†…ç½‘IP','Chrome 8','Windows 10','1','éªŒè¯ç é”™è¯¯','2021-01-14 15:43:17'),
(103,'admin','127.0.0.1','å†…ç½‘IP','Chrome 8','Windows 10','0','ç™»å½•æˆåŠŸ','2021-01-14 15:43:20'),
(104,'admin','127.0.0.1','å†…ç½‘IP','Chrome 8','Windows 10','0','ç™»å½•æˆåŠŸ','2021-01-14 15:46:08'),
(105,'admin','127.0.0.1','å†…ç½‘IP','Chrome 8','Windows 10','0','ç™»å½•æˆåŠŸ','2021-01-14 16:50:11'),
(106,'admin','127.0.0.1','å†…ç½‘IP','Chrome 8','Windows 10','0','é€€å‡ºæˆåŠŸ','2021-01-14 16:50:55'),
(107,'admin','127.0.0.1','å†…ç½‘IP','Chrome 8','Windows 10','0','ç™»å½•æˆåŠŸ','2021-01-14 16:50:59'),
(108,'admin','127.0.0.1','å†…ç½‘IP','Chrome 8','Windows 10','0','é€€å‡ºæˆåŠŸ','2021-01-14 16:51:16'),
(109,'admin','127.0.0.1','å†…ç½‘IP','Chrome 8','Windows 10','0','ç™»å½•æˆåŠŸ','2021-01-14 16:51:20'),
(110,'admin','127.0.0.1','å†…ç½‘IP','Chrome 8','Windows 10','0','é€€å‡ºæˆåŠŸ','2021-01-14 16:51:32'),
(111,'admin','127.0.0.1','å†…ç½‘IP','Chrome 8','Windows 10','0','ç™»å½•æˆåŠŸ','2021-01-14 16:51:39'),
(112,'admin','127.0.0.1','å†…ç½‘IP','Chrome 8','Windows 10','0','ç™»å½•æˆåŠŸ','2021-01-14 17:44:43'),
(113,'admin','127.0.0.1','å†…ç½‘IP','Chrome 8','Windows 10','0','ç™»å½•æˆåŠŸ','2021-01-14 18:25:57'),
(114,'admin','127.0.0.1','å†…ç½‘IP','Chrome 8','Windows 10','0','ç™»å½•æˆåŠŸ','2021-01-14 18:26:58'),
(115,'admin','127.0.0.1','å†…ç½‘IP','Chrome 8','Windows 10','0','ç™»å½•æˆåŠŸ','2021-01-14 18:30:34'),
(116,'admin','127.0.0.1','å†…ç½‘IP','Chrome 8','Windows 10','0','ç™»å½•æˆåŠŸ','2021-01-14 18:43:44'),
(117,'admin','127.0.0.1','å†…ç½‘IP','Chrome 8','Windows 10','0','ç™»å½•æˆåŠŸ','2021-01-14 22:05:03'),
(118,'admin','127.0.0.1','å†…ç½‘IP','Chrome 8','Windows 10','0','é€€å‡ºæˆåŠŸ','2021-01-14 22:45:13'),
(119,'admin','127.0.0.1','å†…ç½‘IP','Chrome 8','Windows 10','0','ç™»å½•æˆåŠŸ','2021-01-14 22:45:19'),
(120,'admin','127.0.0.1','å†…ç½‘IP','Chrome 8','Windows 10','0','ç™»å½•æˆåŠŸ','2021-01-15 10:40:50'),
(121,'admin','127.0.0.1','å†…ç½‘IP','Chrome 8','Windows 10','0','ç™»å½•æˆåŠŸ','2021-01-15 19:45:31'),
(122,'admin','127.0.0.1','å†…ç½‘IP','Chrome 8','Windows 10','0','ç™»å½•æˆåŠŸ','2021-01-15 20:51:34'),
(123,'admin','127.0.0.1','å†…ç½‘IP','Chrome 8','Windows 10','0','é€€å‡ºæˆåŠŸ','2021-01-15 20:52:12'),
(124,'ry','127.0.0.1','å†…ç½‘IP','Chrome 8','Windows 10','1','ç”¨æˆ·ä¸å­˜åœ¨/å¯†ç é”™è¯¯','2021-01-15 20:52:20'),
(125,'admin','127.0.0.1','å†…ç½‘IP','Chrome 8','Windows 10','1','ç”¨æˆ·ä¸å­˜åœ¨/å¯†ç é”™è¯¯','2021-01-15 20:52:28'),
(126,'admin','127.0.0.1','å†…ç½‘IP','Chrome 8','Windows 10','0','ç™»å½•æˆåŠŸ','2021-01-15 20:52:33'),
(127,'admin','127.0.0.1','å†…ç½‘IP','Chrome 8','Windows 10','0','é€€å‡ºæˆåŠŸ','2021-01-15 20:53:38'),
(128,'test','127.0.0.1','å†…ç½‘IP','Chrome 8','Windows 10','0','ç™»å½•æˆåŠŸ','2021-01-15 20:53:44'),
(129,'admin','127.0.0.1','å†…ç½‘IP','Chrome 8','Windows 10','1','ç”¨æˆ·ä¸å­˜åœ¨/å¯†ç é”™è¯¯','2021-01-15 23:18:44'),
(130,'admin','127.0.0.1','å†…ç½‘IP','Chrome 8','Windows 10','1','ç”¨æˆ·ä¸å­˜åœ¨/å¯†ç é”™è¯¯','2021-01-15 23:18:50'),
(131,'admin','127.0.0.1','å†…ç½‘IP','Chrome 8','Windows 10','0','ç™»å½•æˆåŠŸ','2021-01-15 23:18:56');

/*Table structure for table `sys_menu` */

DROP TABLE IF EXISTS `sys_menu`;

CREATE TABLE `sys_menu` (
  `menu_id` bigint NOT NULL AUTO_INCREMENT COMMENT 'èœå•ID',
  `menu_name` varchar(50) NOT NULL COMMENT 'èœå•åç§°',
  `parent_id` bigint DEFAULT '0' COMMENT 'çˆ¶èœå•ID',
  `order_num` int DEFAULT '0' COMMENT 'æ˜¾ç¤ºé¡ºåº',
  `path` varchar(200) DEFAULT '' COMMENT 'è·¯ç”±åœ°å€',
  `component` varchar(255) DEFAULT NULL COMMENT 'ç»„ä»¶è·¯å¾„',
  `is_frame` int DEFAULT '1' COMMENT 'æ˜¯å¦ä¸ºå¤–é“¾ï¼ˆ0æ˜¯ 1å¦ï¼‰',
  `is_cache` int DEFAULT '0' COMMENT 'æ˜¯å¦ç¼“å­˜ï¼ˆ0ç¼“å­˜ 1ä¸ç¼“å­˜ï¼‰',
  `menu_type` char(1) DEFAULT '' COMMENT 'èœå•ç±»å‹ï¼ˆMç›®å½• Cèœå• FæŒ‰é’®ï¼‰',
  `visible` char(1) DEFAULT '0' COMMENT 'èœå•çŠ¶æ€ï¼ˆ0æ˜¾ç¤º 1éšè—ï¼‰',
  `status` char(1) DEFAULT '0' COMMENT 'èœå•çŠ¶æ€ï¼ˆ0æ­£å¸¸ 1åœç”¨ï¼‰',
  `perms` varchar(100) DEFAULT NULL COMMENT 'æƒé™æ ‡è¯†',
  `icon` varchar(100) DEFAULT '#' COMMENT 'èœå•å›¾æ ‡',
  `create_by` varchar(64) DEFAULT '' COMMENT 'åˆ›å»ºè€…',
  `create_time` datetime DEFAULT NULL COMMENT 'åˆ›å»ºæ—¶é—´',
  `update_by` varchar(64) DEFAULT '' COMMENT 'æ›´æ–°è€…',
  `update_time` datetime DEFAULT NULL COMMENT 'æ›´æ–°æ—¶é—´',
  `remark` varchar(500) DEFAULT '' COMMENT 'å¤‡æ³¨',
  PRIMARY KEY (`menu_id`)
) ENGINE=InnoDB AUTO_INCREMENT=2033 DEFAULT CHARSET=utf8mb4 COLLATE=utf8mb4_0900_ai_ci COMMENT='èœå•æƒé™è¡¨';

/*Data for the table `sys_menu` */

insert  into `sys_menu`(`menu_id`,`menu_name`,`parent_id`,`order_num`,`path`,`component`,`is_frame`,`is_cache`,`menu_type`,`visible`,`status`,`perms`,`icon`,`create_by`,`create_time`,`update_by`,`update_time`,`remark`) values 
(1,'ç³»ç»Ÿç®¡ç†',0,1,'system',NULL,1,0,'M','0','0','','system','admin','2021-01-14 15:39:13','',NULL,'ç³»ç»Ÿç®¡ç†ç›®å½•'),
(2,'ç³»ç»Ÿç›‘æ§',0,2,'monitor',NULL,1,0,'M','0','0','','monitor','admin','2021-01-14 15:39:13','',NULL,'ç³»ç»Ÿç›‘æ§ç›®å½•'),
(3,'ç³»ç»Ÿå·¥å…·',0,3,'tool',NULL,1,0,'M','0','0','','tool','admin','2021-01-14 15:39:13','',NULL,'ç³»ç»Ÿå·¥å…·ç›®å½•'),
(4,'å…¬ä¼—å·ç®¡ç†',0,0,'wxmp',NULL,1,0,'M','0','0','','wechat','admin','2018-03-16 11:33:00','admin','2020-03-05 14:59:21','å…¬ä¼—å·ç®¡ç†'),
(100,'ç”¨æˆ·ç®¡ç†',1,1,'user','system/user/index',1,0,'C','0','0','system:user:list','user','admin','2021-01-14 15:39:13','',NULL,'ç”¨æˆ·ç®¡ç†èœå•'),
(101,'è§’è‰²ç®¡ç†',1,2,'role','system/role/index',1,0,'C','0','0','system:role:list','peoples','admin','2021-01-14 15:39:13','',NULL,'è§’è‰²ç®¡ç†èœå•'),
(102,'èœå•ç®¡ç†',1,3,'menu','system/menu/index',1,0,'C','0','0','system:menu:list','tree-table','admin','2021-01-14 15:39:13','',NULL,'èœå•ç®¡ç†èœå•'),
(103,'éƒ¨é—¨ç®¡ç†',1,4,'dept','system/dept/index',1,0,'C','0','0','system:dept:list','tree','admin','2021-01-14 15:39:13','',NULL,'éƒ¨é—¨ç®¡ç†èœå•'),
(104,'å²—ä½ç®¡ç†',1,5,'post','system/post/index',1,0,'C','0','0','system:post:list','post','admin','2021-01-14 15:39:13','',NULL,'å²—ä½ç®¡ç†èœå•'),
(105,'å­—å…¸ç®¡ç†',1,6,'dict','system/dict/index',1,0,'C','0','0','system:dict:list','dict','admin','2021-01-14 15:39:13','',NULL,'å­—å…¸ç®¡ç†èœå•'),
(106,'å‚æ•°è®¾ç½®',1,7,'config','system/config/index',1,0,'C','0','0','system:config:list','edit','admin','2021-01-14 15:39:13','',NULL,'å‚æ•°è®¾ç½®èœå•'),
(107,'é€šçŸ¥å…¬å‘Š',1,8,'notice','system/notice/index',1,0,'C','0','0','system:notice:list','message','admin','2021-01-14 15:39:13','',NULL,'é€šçŸ¥å…¬å‘Šèœå•'),
(108,'æ—¥å¿—ç®¡ç†',1,9,'log','',1,0,'M','0','0','','log','admin','2021-01-14 15:39:13','',NULL,'æ—¥å¿—ç®¡ç†èœå•'),
(109,'åœ¨çº¿ç”¨æˆ·',2,1,'online','monitor/online/index',1,0,'C','0','0','monitor:online:list','online','admin','2021-01-14 15:39:13','',NULL,'åœ¨çº¿ç”¨æˆ·èœå•'),
(110,'å®šæ—¶ä»»åŠ¡',2,2,'job','monitor/job/index',1,0,'C','0','0','monitor:job:list','job','admin','2021-01-14 15:39:13','',NULL,'å®šæ—¶ä»»åŠ¡èœå•'),
(111,'æ•°æ®ç›‘æ§',2,3,'druid','monitor/druid/index',1,0,'C','0','0','monitor:druid:list','druid','admin','2021-01-14 15:39:13','',NULL,'æ•°æ®ç›‘æ§èœå•'),
(112,'æœåŠ¡ç›‘æ§',2,4,'server','monitor/server/index',1,0,'C','0','0','monitor:server:list','server','admin','2021-01-14 15:39:13','',NULL,'æœåŠ¡ç›‘æ§èœå•'),
(113,'ç¼“å­˜ç›‘æ§',2,5,'cache','monitor/cache/index',1,0,'C','0','0','monitor:cache:list','redis','admin','2021-01-14 15:39:13','',NULL,'ç¼“å­˜ç›‘æ§èœå•'),
(114,'è¡¨å•æ„å»º',3,1,'build','tool/build/index',1,0,'C','0','0','tool:build:list','build','admin','2021-01-14 15:39:13','',NULL,'è¡¨å•æ„å»ºèœå•'),
(115,'ä»£ç ç”Ÿæˆ',3,2,'gen','tool/gen/index',1,0,'C','0','0','tool:gen:list','code','admin','2021-01-14 15:39:13','',NULL,'ä»£ç ç”Ÿæˆèœå•'),
(116,'ç³»ç»Ÿæ¥å£',3,3,'swagger','tool/swagger/index',1,0,'C','0','0','tool:swagger:list','swagger','admin','2021-01-14 15:39:13','',NULL,'ç³»ç»Ÿæ¥å£èœå•'),
(500,'æ“ä½œæ—¥å¿—',108,1,'operlog','monitor/operlog/index',1,0,'C','0','0','monitor:operlog:list','form','admin','2021-01-14 15:39:13','',NULL,'æ“ä½œæ—¥å¿—èœå•'),
(501,'ç™»å½•æ—¥å¿—',108,2,'logininfor','monitor/logininfor/index',1,0,'C','0','0','monitor:logininfor:list','logininfor','admin','2021-01-14 15:39:13','',NULL,'ç™»å½•æ—¥å¿—èœå•'),
(1001,'ç”¨æˆ·æŸ¥è¯¢',100,1,'','',1,0,'F','0','0','system:user:query','#','admin','2021-01-14 15:39:13','',NULL,''),
(1002,'ç”¨æˆ·æ–°å¢',100,2,'','',1,0,'F','0','0','system:user:add','#','admin','2021-01-14 15:39:13','',NULL,''),
(1003,'ç”¨æˆ·ä¿®æ”¹',100,3,'','',1,0,'F','0','0','system:user:edit','#','admin','2021-01-14 15:39:13','',NULL,''),
(1004,'ç”¨æˆ·åˆ é™¤',100,4,'','',1,0,'F','0','0','system:user:remove','#','admin','2021-01-14 15:39:13','',NULL,''),
(1005,'ç”¨æˆ·å¯¼å‡º',100,5,'','',1,0,'F','0','0','system:user:export','#','admin','2021-01-14 15:39:13','',NULL,''),
(1006,'ç”¨æˆ·å¯¼å…¥',100,6,'','',1,0,'F','0','0','system:user:import','#','admin','2021-01-14 15:39:13','',NULL,''),
(1007,'é‡ç½®å¯†ç ',100,7,'','',1,0,'F','0','0','system:user:resetPwd','#','admin','2021-01-14 15:39:13','',NULL,''),
(1008,'è§’è‰²æŸ¥è¯¢',101,1,'','',1,0,'F','0','0','system:role:query','#','admin','2021-01-14 15:39:13','',NULL,''),
(1009,'è§’è‰²æ–°å¢',101,2,'','',1,0,'F','0','0','system:role:add','#','admin','2021-01-14 15:39:13','',NULL,''),
(1010,'è§’è‰²ä¿®æ”¹',101,3,'','',1,0,'F','0','0','system:role:edit','#','admin','2021-01-14 15:39:13','',NULL,''),
(1011,'è§’è‰²åˆ é™¤',101,4,'','',1,0,'F','0','0','system:role:remove','#','admin','2021-01-14 15:39:13','',NULL,''),
(1012,'è§’è‰²å¯¼å‡º',101,5,'','',1,0,'F','0','0','system:role:export','#','admin','2021-01-14 15:39:13','',NULL,''),
(1013,'èœå•æŸ¥è¯¢',102,1,'','',1,0,'F','0','0','system:menu:query','#','admin','2021-01-14 15:39:13','',NULL,''),
(1014,'èœå•æ–°å¢',102,2,'','',1,0,'F','0','0','system:menu:add','#','admin','2021-01-14 15:39:13','',NULL,''),
(1015,'èœå•ä¿®æ”¹',102,3,'','',1,0,'F','0','0','system:menu:edit','#','admin','2021-01-14 15:39:13','',NULL,''),
(1016,'èœå•åˆ é™¤',102,4,'','',1,0,'F','0','0','system:menu:remove','#','admin','2021-01-14 15:39:13','',NULL,''),
(1017,'éƒ¨é—¨æŸ¥è¯¢',103,1,'','',1,0,'F','0','0','system:dept:query','#','admin','2021-01-14 15:39:13','',NULL,''),
(1018,'éƒ¨é—¨æ–°å¢',103,2,'','',1,0,'F','0','0','system:dept:add','#','admin','2021-01-14 15:39:13','',NULL,''),
(1019,'éƒ¨é—¨ä¿®æ”¹',103,3,'','',1,0,'F','0','0','system:dept:edit','#','admin','2021-01-14 15:39:13','',NULL,''),
(1020,'éƒ¨é—¨åˆ é™¤',103,4,'','',1,0,'F','0','0','system:dept:remove','#','admin','2021-01-14 15:39:13','',NULL,''),
(1021,'å²—ä½æŸ¥è¯¢',104,1,'','',1,0,'F','0','0','system:post:query','#','admin','2021-01-14 15:39:13','',NULL,''),
(1022,'å²—ä½æ–°å¢',104,2,'','',1,0,'F','0','0','system:post:add','#','admin','2021-01-14 15:39:13','',NULL,''),
(1023,'å²—ä½ä¿®æ”¹',104,3,'','',1,0,'F','0','0','system:post:edit','#','admin','2021-01-14 15:39:13','',NULL,''),
(1024,'å²—ä½åˆ é™¤',104,4,'','',1,0,'F','0','0','system:post:remove','#','admin','2021-01-14 15:39:13','',NULL,''),
(1025,'å²—ä½å¯¼å‡º',104,5,'','',1,0,'F','0','0','system:post:export','#','admin','2021-01-14 15:39:13','',NULL,''),
(1026,'å­—å…¸æŸ¥è¯¢',105,1,'#','',1,0,'F','0','0','system:dict:query','#','admin','2021-01-14 15:39:13','',NULL,''),
(1027,'å­—å…¸æ–°å¢',105,2,'#','',1,0,'F','0','0','system:dict:add','#','admin','2021-01-14 15:39:13','',NULL,''),
(1028,'å­—å…¸ä¿®æ”¹',105,3,'#','',1,0,'F','0','0','system:dict:edit','#','admin','2021-01-14 15:39:13','',NULL,''),
(1029,'å­—å…¸åˆ é™¤',105,4,'#','',1,0,'F','0','0','system:dict:remove','#','admin','2021-01-14 15:39:13','',NULL,''),
(1030,'å­—å…¸å¯¼å‡º',105,5,'#','',1,0,'F','0','0','system:dict:export','#','admin','2021-01-14 15:39:13','',NULL,''),
(1031,'å‚æ•°æŸ¥è¯¢',106,1,'#','',1,0,'F','0','0','system:config:query','#','admin','2021-01-14 15:39:13','',NULL,''),
(1032,'å‚æ•°æ–°å¢',106,2,'#','',1,0,'F','0','0','system:config:add','#','admin','2021-01-14 15:39:13','',NULL,''),
(1033,'å‚æ•°ä¿®æ”¹',106,3,'#','',1,0,'F','0','0','system:config:edit','#','admin','2021-01-14 15:39:13','',NULL,''),
(1034,'å‚æ•°åˆ é™¤',106,4,'#','',1,0,'F','0','0','system:config:remove','#','admin','2021-01-14 15:39:13','',NULL,''),
(1035,'å‚æ•°å¯¼å‡º',106,5,'#','',1,0,'F','0','0','system:config:export','#','admin','2021-01-14 15:39:13','',NULL,''),
(1036,'å…¬å‘ŠæŸ¥è¯¢',107,1,'#','',1,0,'F','0','0','system:notice:query','#','admin','2021-01-14 15:39:13','',NULL,''),
(1037,'å…¬å‘Šæ–°å¢',107,2,'#','',1,0,'F','0','0','system:notice:add','#','admin','2021-01-14 15:39:13','',NULL,''),
(1038,'å…¬å‘Šä¿®æ”¹',107,3,'#','',1,0,'F','0','0','system:notice:edit','#','admin','2021-01-14 15:39:13','',NULL,''),
(1039,'å…¬å‘Šåˆ é™¤',107,4,'#','',1,0,'F','0','0','system:notice:remove','#','admin','2021-01-14 15:39:13','',NULL,''),
(1040,'æ“ä½œæŸ¥è¯¢',500,1,'#','',1,0,'F','0','0','monitor:operlog:query','#','admin','2021-01-14 15:39:13','',NULL,''),
(1041,'æ“ä½œåˆ é™¤',500,2,'#','',1,0,'F','0','0','monitor:operlog:remove','#','admin','2021-01-14 15:39:13','',NULL,''),
(1042,'æ—¥å¿—å¯¼å‡º',500,4,'#','',1,0,'F','0','0','monitor:operlog:export','#','admin','2021-01-14 15:39:13','',NULL,''),
(1043,'ç™»å½•æŸ¥è¯¢',501,1,'#','',1,0,'F','0','0','monitor:logininfor:query','#','admin','2021-01-14 15:39:13','',NULL,''),
(1044,'ç™»å½•åˆ é™¤',501,2,'#','',1,0,'F','0','0','monitor:logininfor:remove','#','admin','2021-01-14 15:39:13','',NULL,''),
(1045,'æ—¥å¿—å¯¼å‡º',501,3,'#','',1,0,'F','0','0','monitor:logininfor:export','#','admin','2021-01-14 15:39:13','',NULL,''),
(1046,'åœ¨çº¿æŸ¥è¯¢',109,1,'#','',1,0,'F','0','0','monitor:online:query','#','admin','2021-01-14 15:39:13','',NULL,''),
(1047,'æ‰¹é‡å¼ºé€€',109,2,'#','',1,0,'F','0','0','monitor:online:batchLogout','#','admin','2021-01-14 15:39:13','',NULL,''),
(1048,'å•æ¡å¼ºé€€',109,3,'#','',1,0,'F','0','0','monitor:online:forceLogout','#','admin','2021-01-14 15:39:13','',NULL,''),
(1049,'ä»»åŠ¡æŸ¥è¯¢',110,1,'#','',1,0,'F','0','0','monitor:job:query','#','admin','2021-01-14 15:39:13','',NULL,''),
(1050,'ä»»åŠ¡æ–°å¢',110,2,'#','',1,0,'F','0','0','monitor:job:add','#','admin','2021-01-14 15:39:13','',NULL,''),
(1051,'ä»»åŠ¡ä¿®æ”¹',110,3,'#','',1,0,'F','0','0','monitor:job:edit','#','admin','2021-01-14 15:39:13','',NULL,''),
(1052,'ä»»åŠ¡åˆ é™¤',110,4,'#','',1,0,'F','0','0','monitor:job:remove','#','admin','2021-01-14 15:39:13','',NULL,''),
(1053,'çŠ¶æ€ä¿®æ”¹',110,5,'#','',1,0,'F','0','0','monitor:job:changeStatus','#','admin','2021-01-14 15:39:13','',NULL,''),
(1054,'ä»»åŠ¡å¯¼å‡º',110,7,'#','',1,0,'F','0','0','monitor:job:export','#','admin','2021-01-14 15:39:13','',NULL,''),
(1055,'ç”ŸæˆæŸ¥è¯¢',115,1,'#','',1,0,'F','0','0','tool:gen:query','#','admin','2021-01-14 15:39:13','',NULL,''),
(1056,'ç”Ÿæˆä¿®æ”¹',115,2,'#','',1,0,'F','0','0','tool:gen:edit','#','admin','2021-01-14 15:39:13','',NULL,''),
(1057,'ç”Ÿæˆåˆ é™¤',115,3,'#','',1,0,'F','0','0','tool:gen:remove','#','admin','2021-01-14 15:39:13','',NULL,''),
(1058,'å¯¼å…¥ä»£ç ',115,2,'#','',1,0,'F','0','0','tool:gen:import','#','admin','2021-01-14 15:39:13','',NULL,''),
(1059,'é¢„è§ˆä»£ç ',115,4,'#','',1,0,'F','0','0','tool:gen:preview','#','admin','2021-01-14 15:39:13','',NULL,''),
(1060,'ç”Ÿæˆä»£ç ',115,5,'#','',1,0,'F','0','0','tool:gen:code','#','admin','2021-01-14 15:39:13','',NULL,''),
(2000,'ç”¨æˆ·æ ‡ç­¾',4,10,'wxusertags','wxmp/wxusertags/index',1,0,'C','0','0','wxmp:wxusertags:list','tab','admin','2020-03-03 10:47:36','admin','2020-03-03 20:17:50',''),
(2001,'ä¿®æ”¹æ ‡ç­¾',2000,10,'',NULL,1,0,'F','1','0','wxmp:wxusertags:edit','#','admin','2020-03-03 11:16:13','',NULL,''),
(2002,'å…¬ä¼—å·ç”¨æˆ·',4,20,'wxuser','wxmp/wxuser/index',1,0,'C','0','0','wxmp:wxuser:index','peoples','admin','2020-03-04 10:13:30','',NULL,''),
(2003,'ç”¨æˆ·æ¶ˆæ¯',4,30,'wxmsg','wxmp/wxmsg/index',1,0,'C','0','0','wxmp:wxmsg:index','clipboard','admin','2020-03-04 10:15:47','',NULL,''),
(2004,'ç´ æç®¡ç†',4,40,'wxmaterial','wxmp/wxmaterial/index',1,0,'C','0','0','wxmp:wxmaterial:index','example','admin','2020-03-04 10:17:21','admin','2020-03-05 21:31:33',''),
(2005,'è‡ªå®šä¹‰èœå•',4,50,'wxmenu','wxmp/wxmenu/detail',1,0,'C','0','0','wxmp:wxmenu:get','cascader','admin','2020-03-04 10:18:02','admin','2020-03-04 10:29:20',''),
(2006,'æ¶ˆæ¯è‡ªåŠ¨å›å¤',4,60,'wxautoreply','wxmp/wxautoreply/index',1,0,'C','0','0','wxmp:wxautoreply:index','dashboard','admin','2020-03-04 10:18:53','',NULL,''),
(2007,'æ•°æ®ç»Ÿè®¡',4,70,'wxsummary','wxmp/wxsummary/index',1,0,'C','0','0',NULL,'druid','admin','2020-03-04 10:19:53','',NULL,''),
(2008,'ç”¨æˆ·æ ‡ç­¾åˆ é™¤',2000,0,'',NULL,1,0,'F','0','0','wxmp:wxusertags:del','#','admin','2020-03-04 17:08:10','',NULL,''),
(2009,'ç”¨æˆ·æ ‡ç­¾æ–°å¢',2000,0,'',NULL,1,0,'F','0','0','wxmp:wxusertags:add','#','admin','2020-03-04 17:08:42','',NULL,''),
(2010,'å…¬ä¼—å·ç”¨æˆ·æ–°å¢',2002,0,'',NULL,1,0,'F','0','0','wxmp:wxuser:add','#','admin','2020-03-04 17:15:01','admin','2020-03-04 17:16:59',''),
(2011,'å…¬ä¼—å·ç”¨æˆ·ä¿®æ”¹',2002,0,'',NULL,1,0,'F','0','0','wxmp:wxuser:edit','#','admin','2020-03-04 17:16:17','admin','2020-03-04 17:17:09',''),
(2012,'å…¬ä¼—å·ç”¨æˆ·æ‰“æ ‡ç­¾',2002,0,'',NULL,1,0,'F','0','0','wxmp:wxuser:tagging','#','admin','2020-03-04 17:16:41','',NULL,''),
(2013,'å…¬ä¼—å·ç”¨æˆ·å¤‡æ³¨ä¿®æ”¹',2002,0,'',NULL,1,0,'F','0','0','wxmp:wxuser:edit:remark','#','admin','2020-03-04 17:17:43','',NULL,''),
(2014,'å…¬ä¼—å·ç”¨æˆ·åŒæ­¥',2002,0,'',NULL,1,0,'F','0','0','wxmp:wxuser:synchro','#','admin','2020-03-04 17:18:09','',NULL,''),
(2015,'å…¬ä¼—å·ç”¨æˆ·åˆ é™¤',2002,0,'',NULL,1,0,'F','0','0','wxmp:wxuser:del','#','admin','2020-03-04 17:18:31','',NULL,''),
(2016,'å…¬ä¼—å·ç”¨æˆ·è¯¦æƒ…',2002,0,'',NULL,1,0,'F','0','0','wxmp:wxuser:get','#','admin','2020-03-04 17:18:55','',NULL,''),
(2017,'ç”¨æˆ·æ¶ˆæ¯æ–°å¢',2003,0,'',NULL,1,0,'F','0','0','wxmp:wxmsg:add','#','admin','2020-03-04 17:19:24','',NULL,''),
(2018,'ç”¨æˆ·æ¶ˆæ¯ä¿®æ”¹',2003,0,'',NULL,1,0,'F','0','0','wxmp:wxmsg:edit','#','admin','2020-03-04 17:19:45','',NULL,''),
(2019,'ç”¨æˆ·æ¶ˆæ¯åˆ é™¤',2003,0,'',NULL,1,0,'F','0','0','wxmp:wxmsg:del','#','admin','2020-03-04 17:20:03','',NULL,''),
(2020,'ç”¨æˆ·æ¶ˆæ¯è¯¦æƒ…',2003,0,'',NULL,1,0,'F','0','0','wxmp:wxmsg:get','#','admin','2020-03-04 17:20:21','',NULL,''),
(2021,'ç´ ææ–°å¢',2004,0,'',NULL,1,0,'F','0','0','wxmp:wxmaterial:add','#','admin','2020-03-04 17:20:43','',NULL,''),
(2022,'ç´ æä¿®æ”¹',2004,0,'',NULL,1,0,'F','0','0','wxmp:wxmaterial:edit','#','admin','2020-03-04 17:21:03','',NULL,''),
(2023,'ç´ æåˆ é™¤',2004,0,'',NULL,1,0,'F','0','0','wxmp:wxmaterial:del','#','admin','2020-03-04 17:21:24','',NULL,''),
(2024,'ç´ æè¯¦æƒ…',2004,0,'',NULL,1,0,'F','0','0','wxmp:wxmaterial:get','#','admin','2020-03-04 17:21:43','',NULL,''),
(2025,'è‡ªå®šä¹‰èœå•å‘å¸ƒ',2005,0,'',NULL,1,0,'F','0','0','wxmp:wxmenu:add','#','admin','2020-03-04 17:22:12','',NULL,''),
(2026,'æ¶ˆæ¯è‡ªåŠ¨å›å¤æ–°å¢',2006,0,'',NULL,1,0,'F','0','0','wxmp:wxautoreply:add','#','admin','2020-03-04 17:22:43','',NULL,''),
(2027,'æ¶ˆæ¯è‡ªåŠ¨å›å¤ä¿®æ”¹',2006,0,'',NULL,1,0,'F','0','0','wxmp:wxautoreply:edit','#','admin','2020-03-04 17:23:05','',NULL,''),
(2028,'æ¶ˆæ¯è‡ªåŠ¨å›å¤åˆ é™¤',2006,0,'',NULL,1,0,'F','0','0','wxmp:wxautoreply:del','#','admin','2020-03-04 17:23:36','',NULL,''),
(2029,'æ¶ˆæ¯è‡ªåŠ¨å›å¤è¯¦æƒ…',2006,0,'',NULL,1,0,'F','0','0','wxmp:wxautoreply:get','#','admin','2020-03-04 17:23:59','',NULL,'');

/*Table structure for table `sys_notice` */

DROP TABLE IF EXISTS `sys_notice`;

CREATE TABLE `sys_notice` (
  `notice_id` int NOT NULL AUTO_INCREMENT COMMENT 'å…¬å‘ŠID',
  `notice_title` varchar(50) NOT NULL COMMENT 'å…¬å‘Šæ ‡é¢˜',
  `notice_type` char(1) NOT NULL COMMENT 'å…¬å‘Šç±»å‹ï¼ˆ1é€šçŸ¥ 2å…¬å‘Šï¼‰',
  `notice_content` longblob COMMENT 'å…¬å‘Šå†…å®¹',
  `status` char(1) DEFAULT '0' COMMENT 'å…¬å‘ŠçŠ¶æ€ï¼ˆ0æ­£å¸¸ 1å…³é—­ï¼‰',
  `create_by` varchar(64) DEFAULT '' COMMENT 'åˆ›å»ºè€…',
  `create_time` datetime DEFAULT NULL COMMENT 'åˆ›å»ºæ—¶é—´',
  `update_by` varchar(64) DEFAULT '' COMMENT 'æ›´æ–°è€…',
  `update_time` datetime DEFAULT NULL COMMENT 'æ›´æ–°æ—¶é—´',
  `remark` varchar(255) DEFAULT NULL COMMENT 'å¤‡æ³¨',
  PRIMARY KEY (`notice_id`)
) ENGINE=InnoDB AUTO_INCREMENT=12 DEFAULT CHARSET=utf8mb4 COLLATE=utf8mb4_0900_ai_ci COMMENT='é€šçŸ¥å…¬å‘Šè¡¨';

/*Data for the table `sys_notice` */

insert  into `sys_notice`(`notice_id`,`notice_title`,`notice_type`,`notice_content`,`status`,`create_by`,`create_time`,`update_by`,`update_time`,`remark`) values 
(11,'ewtwet','1',NULL,'0','admin','2021-01-14 17:45:06','',NULL,NULL);

/*Table structure for table `sys_oper_log` */

DROP TABLE IF EXISTS `sys_oper_log`;

CREATE TABLE `sys_oper_log` (
  `oper_id` bigint NOT NULL AUTO_INCREMENT COMMENT 'æ—¥å¿—ä¸»é”®',
  `title` varchar(50) DEFAULT '' COMMENT 'æ¨¡å—æ ‡é¢˜',
  `business_type` int DEFAULT '0' COMMENT 'ä¸šåŠ¡ç±»å‹ï¼ˆ0å…¶å®ƒ 1æ–°å¢ 2ä¿®æ”¹ 3åˆ é™¤ï¼‰',
  `method` varchar(100) DEFAULT '' COMMENT 'æ–¹æ³•åç§°',
  `request_method` varchar(10) DEFAULT '' COMMENT 'è¯·æ±‚æ–¹å¼',
  `operator_type` int DEFAULT '0' COMMENT 'æ“ä½œç±»åˆ«ï¼ˆ0å…¶å®ƒ 1åå°ç”¨æˆ· 2æ‰‹æœºç«¯ç”¨æˆ·ï¼‰',
  `oper_name` varchar(50) DEFAULT '' COMMENT 'æ“ä½œäººå‘˜',
  `dept_name` varchar(50) DEFAULT '' COMMENT 'éƒ¨é—¨åç§°',
  `oper_url` varchar(255) DEFAULT '' COMMENT 'è¯·æ±‚URL',
  `oper_ip` varchar(50) DEFAULT '' COMMENT 'ä¸»æœºåœ°å€',
  `oper_location` varchar(255) DEFAULT '' COMMENT 'æ“ä½œåœ°ç‚¹',
  `oper_param` varchar(2000) DEFAULT '' COMMENT 'è¯·æ±‚å‚æ•°',
  `json_result` varchar(2000) DEFAULT '' COMMENT 'è¿”å›å‚æ•°',
  `status` int DEFAULT '0' COMMENT 'æ“ä½œçŠ¶æ€ï¼ˆ0æ­£å¸¸ 1å¼‚å¸¸ï¼‰',
  `error_msg` varchar(2000) DEFAULT '' COMMENT 'é”™è¯¯æ¶ˆæ¯',
  `oper_time` datetime DEFAULT NULL COMMENT 'æ“ä½œæ—¶é—´',
  PRIMARY KEY (`oper_id`)
) ENGINE=InnoDB AUTO_INCREMENT=133 DEFAULT CHARSET=utf8mb4 COLLATE=utf8mb4_0900_ai_ci COMMENT='æ“ä½œæ—¥å¿—è®°å½•';

/*Data for the table `sys_oper_log` */

insert  into `sys_oper_log`(`oper_id`,`title`,`business_type`,`method`,`request_method`,`operator_type`,`oper_name`,`dept_name`,`oper_url`,`oper_ip`,`oper_location`,`oper_param`,`json_result`,`status`,`error_msg`,`oper_time`) values 
(100,'ç”¨æˆ·ç®¡ç†',2,'com.ruoyi.web.controller.system.SysUserController.edit()','PUT',1,'admin',NULL,'/system/user','127.0.0.1','å†…ç½‘IP','{\"roles\":[{\"flag\":false,\"roleId\":2,\"admin\":false,\"dataScope\":\"2\",\"params\":{},\"roleSort\":\"2\",\"deptCheckStrictly\":false,\"menuCheckStrictly\":false,\"roleKey\":\"common\",\"roleName\":\"æ™®é€šè§’è‰²\",\"status\":\"0\"}],\"phonenumber\":\"15666666666\",\"admin\":false,\"loginDate\":1610609953000,\"remark\":\"æµ‹è¯•å‘˜\",\"delFlag\":\"0\",\"password\":\"\",\"updateBy\":\"admin\",\"postIds\":[2],\"loginIp\":\"127.0.0.1\",\"email\":\"ry@qq.com\",\"nickName\":\"è‹¥ä¾\",\"sex\":\"1\",\"deptId\":105,\"avatar\":\"\",\"dept\":{\"deptName\":\"æµ‹è¯•éƒ¨é—¨\",\"leader\":\"è‹¥ä¾\",\"deptId\":105,\"orderNum\":\"3\",\"params\":{},\"parentId\":101,\"children\":[],\"status\":\"0\"},\"params\":{},\"userName\":\"ry\",\"userId\":2,\"createBy\":\"admin\",\"roleIds\":[2],\"createTime\":1610609953000,\"status\":\"0\"}','{\"msg\":\"æ“ä½œæˆåŠŸ\",\"code\":200}',0,NULL,'2021-01-14 17:08:45'),
(101,'é€šçŸ¥å…¬å‘Š',2,'com.ruoyi.web.controller.system.SysNoticeController.edit()','PUT',1,'admin',NULL,'/system/notice','127.0.0.1','å†…ç½‘IP','{\"noticeContent\":\"ç»´æŠ¤å†…å®¹\",\"createBy\":\"admin\",\"createTime\":1610609954000,\"updateBy\":\"admin\",\"noticeType\":\"1\",\"remark\":\"ç®¡ç†å‘˜\",\"params\":{},\"noticeId\":2,\"noticeTitle\":\"ç»´æŠ¤é€šçŸ¥ï¼š2018-07-01 è‹¥ä¾ç³»ç»Ÿå‡Œæ™¨ç»´æŠ¤\",\"status\":\"0\"}','{\"msg\":\"æ“ä½œæˆåŠŸ\",\"code\":200}',0,NULL,'2021-01-14 17:08:57'),
(102,'é€šçŸ¥å…¬å‘Š',3,'com.ruoyi.web.controller.system.SysNoticeController.remove()','DELETE',1,'admin',NULL,'/system/notice/2','127.0.0.1','å†…ç½‘IP','{noticeIds=2}','{\"msg\":\"æ“ä½œæˆåŠŸ\",\"code\":200}',0,NULL,'2021-01-14 17:08:59'),
(103,'é€šçŸ¥å…¬å‘Š',1,'com.ruoyi.web.controller.system.SysNoticeController.add()','POST',1,'admin',NULL,'/system/notice','127.0.0.1','å†…ç½‘IP','{\"noticeContent\":\"<p><br></p>\",\"createBy\":\"admin\",\"noticeType\":\"1\",\"params\":{},\"noticeTitle\":\"rwes\",\"status\":\"0\"}','{\"msg\":\"æ“ä½œæˆåŠŸ\",\"code\":200}',0,NULL,'2021-01-14 17:09:04'),
(104,'ä»£ç ç”Ÿæˆ',6,'com.ruoyi.generator.controller.GenController.importTableSave()','POST',1,'admin',NULL,'/tool/gen/importTable','127.0.0.1','å†…ç½‘IP','sys_config,sys_dept,sys_dict_data,sys_dict_type,sys_job,sys_job_log,sys_logininfor,sys_menu,sys_notice,sys_oper_log','{\"msg\":\"æ“ä½œæˆåŠŸ\",\"code\":200}',0,NULL,'2021-01-14 17:10:34'),
(105,'é€šçŸ¥å…¬å‘Š',2,'com.joolun.web.controller.system.SysNoticeController.edit()','PUT',1,'admin',NULL,'/system/notice','127.0.0.1','å†…ç½‘IP','{\"noticeContent\":\"<p><br></p>\",\"createBy\":\"admin\",\"createTime\":1610615344000,\"updateBy\":\"admin\",\"noticeType\":\"1\",\"params\":{},\"noticeId\":10,\"noticeTitle\":\"rwes\",\"status\":\"0\"}','{\"msg\":\"æ“ä½œæˆåŠŸ\",\"code\":200}',0,NULL,'2021-01-14 17:44:58'),
(106,'é€šçŸ¥å…¬å‘Š',3,'com.joolun.web.controller.system.SysNoticeController.remove()','DELETE',1,'admin',NULL,'/system/notice/10','127.0.0.1','å†…ç½‘IP','{noticeIds=10}','{\"msg\":\"æ“ä½œæˆåŠŸ\",\"code\":200}',0,NULL,'2021-01-14 17:45:01'),
(107,'é€šçŸ¥å…¬å‘Š',1,'com.joolun.web.controller.system.SysNoticeController.add()','POST',1,'admin',NULL,'/system/notice','127.0.0.1','å†…ç½‘IP','{\"createBy\":\"admin\",\"noticeType\":\"1\",\"params\":{},\"noticeTitle\":\"ewtwet\",\"status\":\"0\"}','{\"msg\":\"æ“ä½œæˆåŠŸ\",\"code\":200}',0,NULL,'2021-01-14 17:45:06'),
(108,'èœå•ç®¡ç†',1,'com.joolun.web.controller.system.SysMenuController.add()','POST',1,'admin',NULL,'/system/menu','127.0.0.1','å†…ç½‘IP','{\"visible\":\"0\",\"orderNum\":\"0\",\"menuName\":\"å…¬ä¼—å·ç”¨æˆ·2\",\"params\":{},\"parentId\":1,\"isCache\":\"0\",\"path\":\"wxuser\",\"component\":\"wxmp/wxuser/index\",\"createBy\":\"admin\",\"children\":[],\"isFrame\":\"1\",\"menuType\":\"C\",\"perms\":\"wxmp:wxuser:index\",\"status\":\"0\"}','{\"msg\":\"æ“ä½œæˆåŠŸ\",\"code\":200}',0,NULL,'2021-01-14 22:45:08'),
(109,'èœå•ç®¡ç†',3,'com.joolun.web.controller.system.SysMenuController.remove()','DELETE',1,'admin',NULL,'/system/menu/2030','127.0.0.1','å†…ç½‘IP','{menuId=2030}','{\"msg\":\"æ“ä½œæˆåŠŸ\",\"code\":200}',0,NULL,'2021-01-14 22:46:21'),
(110,'èœå•ç®¡ç†',1,'com.joolun.web.controller.system.SysMenuController.add()','POST',1,'admin',NULL,'/system/menu','127.0.0.1','å†…ç½‘IP','{\"visible\":\"0\",\"icon\":\"bug\",\"orderNum\":\"0\",\"menuName\":\"ç”¨æˆ·ç®¡ç†2\",\"params\":{},\"parentId\":1,\"isCache\":\"0\",\"path\":\"user2\",\"component\":\"system/user/index\",\"createBy\":\"admin\",\"children\":[],\"isFrame\":\"1\",\"menuType\":\"C\",\"perms\":\"system:user:list\",\"status\":\"0\"}','{\"msg\":\"æ“ä½œæˆåŠŸ\",\"code\":200}',0,NULL,'2021-01-14 22:48:32'),
(111,'èœå•ç®¡ç†',2,'com.joolun.web.controller.system.SysMenuController.edit()','PUT',1,'admin',NULL,'/system/menu','127.0.0.1','å†…ç½‘IP','{\"visible\":\"0\",\"icon\":\"bug\",\"orderNum\":\"0\",\"menuName\":\"ç”¨æˆ·ç®¡ç†2\",\"params\":{},\"parentId\":1,\"isCache\":\"0\",\"path\":\"user2\",\"component\":\"wxmp/wxuser/index\",\"children\":[],\"createTime\":1610635712000,\"updateBy\":\"admin\",\"isFrame\":\"1\",\"menuId\":2031,\"menuType\":\"C\",\"perms\":\"system:user:list\",\"status\":\"0\"}','{\"msg\":\"æ“ä½œæˆåŠŸ\",\"code\":200}',0,NULL,'2021-01-14 22:48:59'),
(112,'èœå•ç®¡ç†',3,'com.joolun.web.controller.system.SysMenuController.remove()','DELETE',1,'admin',NULL,'/system/menu/2031','127.0.0.1','å†…ç½‘IP','{menuId=2031}','{\"msg\":\"æ“ä½œæˆåŠŸ\",\"code\":200}',0,NULL,'2021-01-14 22:49:08'),
(113,'èœå•ç®¡ç†',1,'com.joolun.web.controller.system.SysMenuController.add()','POST',1,'admin',NULL,'/system/menu','127.0.0.1','å†…ç½‘IP','{\"visible\":\"0\",\"icon\":\"chart\",\"orderNum\":\"0\",\"menuName\":\"sdgsgwe\",\"params\":{},\"parentId\":1,\"isCache\":\"0\",\"path\":\"role2\",\"component\":\"system/role2/index\",\"createBy\":\"admin\",\"children\":[],\"isFrame\":\"1\",\"menuType\":\"C\",\"perms\":\"system:role:list\",\"status\":\"0\"}','{\"msg\":\"æ“ä½œæˆåŠŸ\",\"code\":200}',0,NULL,'2021-01-14 22:54:42'),
(114,'èœå•ç®¡ç†',3,'com.joolun.web.controller.system.SysMenuController.remove()','DELETE',1,'admin',NULL,'/system/menu/2032','127.0.0.1','å†…ç½‘IP','{menuId=2032}','{\"msg\":\"æ“ä½œæˆåŠŸ\",\"code\":200}',0,NULL,'2021-01-15 20:22:31'),
(115,'ç”¨æˆ·ç®¡ç†',2,'com.joolun.web.controller.system.SysUserController.edit()','PUT',1,'admin',NULL,'/system/user','127.0.0.1','å†…ç½‘IP','{\"roles\":[{\"flag\":false,\"roleId\":2,\"admin\":false,\"dataScope\":\"2\",\"params\":{},\"roleSort\":\"2\",\"deptCheckStrictly\":false,\"menuCheckStrictly\":false,\"roleKey\":\"common\",\"roleName\":\"æ™®é€šè§’è‰²\",\"status\":\"0\"}],\"phonenumber\":\"15666666666\",\"admin\":false,\"loginDate\":1610609953000,\"remark\":\"æµ‹è¯•å‘˜\",\"delFlag\":\"0\",\"password\":\"\",\"updateBy\":\"admin\",\"postIds\":[2],\"loginIp\":\"127.0.0.1\",\"email\":\"ry@qq.com\",\"nickName\":\"è‹¥ä¾\",\"sex\":\"1\",\"deptId\":105,\"avatar\":\"\",\"dept\":{\"deptName\":\"æµ‹è¯•éƒ¨é—¨\",\"leader\":\"è‹¥ä¾\",\"deptId\":105,\"orderNum\":\"3\",\"params\":{},\"parentId\":101,\"children\":[],\"status\":\"0\"},\"params\":{},\"userName\":\"ry\",\"userId\":2,\"createBy\":\"admin\",\"roleIds\":[2],\"createTime\":1610609953000,\"status\":\"0\"}','{\"msg\":\"æ“ä½œæˆåŠŸ\",\"code\":200}',0,NULL,'2021-01-15 20:23:11'),
(116,'ç”¨æˆ·ç®¡ç†',2,'com.joolun.web.controller.system.SysUserController.edit()','PUT',1,'admin',NULL,'/system/user','127.0.0.1','å†…ç½‘IP','{\"roles\":[{\"flag\":false,\"roleId\":2,\"admin\":false,\"dataScope\":\"2\",\"params\":{},\"roleSort\":\"2\",\"deptCheckStrictly\":false,\"menuCheckStrictly\":false,\"roleKey\":\"common\",\"roleName\":\"æ™®é€šè§’è‰²\",\"status\":\"0\"}],\"phonenumber\":\"15666666666\",\"admin\":false,\"loginDate\":1610609953000,\"remark\":\"æµ‹è¯•å‘˜\",\"delFlag\":\"0\",\"password\":\"\",\"updateBy\":\"admin\",\"postIds\":[2],\"loginIp\":\"127.0.0.1\",\"email\":\"ry@qq.com\",\"nickName\":\"è‹¥ä¾\",\"sex\":\"1\",\"deptId\":105,\"avatar\":\"\",\"dept\":{\"deptName\":\"æµ‹è¯•éƒ¨é—¨\",\"leader\":\"è‹¥ä¾\",\"deptId\":105,\"orderNum\":\"3\",\"params\":{},\"parentId\":101,\"children\":[],\"status\":\"0\"},\"params\":{},\"userName\":\"ry\",\"userId\":2,\"createBy\":\"admin\",\"roleIds\":[2],\"createTime\":1610609953000,\"status\":\"0\"}','{\"msg\":\"æ“ä½œæˆåŠŸ\",\"code\":200}',0,NULL,'2021-01-15 20:52:07'),
(117,'ç”¨æˆ·ç®¡ç†',3,'com.joolun.web.controller.system.SysUserController.remove()','DELETE',1,'admin',NULL,'/system/user/2','127.0.0.1','å†…ç½‘IP','{userIds=2}','{\"msg\":\"æ“ä½œæˆåŠŸ\",\"code\":200}',0,NULL,'2021-01-15 20:52:42'),
(118,'ç”¨æˆ·ç®¡ç†',1,'com.joolun.web.controller.system.SysUserController.add()','POST',1,'admin',NULL,'/system/user','127.0.0.1','å†…ç½‘IP','{\"admin\":false,\"password\":\"$2a$10$KTBu09ed743F.IS1Y5TCluX8Jg17xnef5VBwDHjoi.MsgpU.fsQQa\",\"postIds\":[],\"nickName\":\"test\",\"sex\":\"0\",\"deptId\":100,\"params\":{},\"userName\":\"test\",\"userId\":100,\"createBy\":\"admin\",\"roleIds\":[],\"status\":\"0\"}','{\"msg\":\"æ“ä½œæˆåŠŸ\",\"code\":200}',0,NULL,'2021-01-15 20:52:55'),
(119,'ç”¨æˆ·ç®¡ç†',2,'com.joolun.web.controller.system.SysUserController.edit()','PUT',1,'admin',NULL,'/system/user','127.0.0.1','å†…ç½‘IP','{\"roles\":[],\"phonenumber\":\"\",\"admin\":false,\"delFlag\":\"0\",\"password\":\"\",\"updateBy\":\"admin\",\"postIds\":[],\"loginIp\":\"\",\"email\":\"\",\"nickName\":\"test\",\"sex\":\"0\",\"deptId\":100,\"avatar\":\"\",\"dept\":{\"deptName\":\"è‹¥ä¾ç§‘æŠ€\",\"leader\":\"è‹¥ä¾\",\"deptId\":100,\"orderNum\":\"0\",\"params\":{},\"parentId\":0,\"children\":[],\"status\":\"0\"},\"params\":{},\"userName\":\"test\",\"userId\":100,\"createBy\":\"admin\",\"roleIds\":[2],\"createTime\":1610715175000,\"status\":\"0\"}','{\"msg\":\"æ“ä½œæˆåŠŸ\",\"code\":200}',0,NULL,'2021-01-15 20:53:33'),
(120,'ç”¨æˆ·ç®¡ç†',2,'com.joolun.web.controller.system.SysUserController.edit()','PUT',1,'admin',NULL,'/system/user','127.0.0.1','å†…ç½‘IP','{\"roles\":[{\"flag\":false,\"roleId\":1,\"admin\":true,\"dataScope\":\"1\",\"params\":{},\"roleSort\":\"1\",\"deptCheckStrictly\":false,\"menuCheckStrictly\":false,\"roleKey\":\"admin\",\"roleName\":\"è¶…çº§ç®¡ç†å‘˜\",\"status\":\"0\"}],\"phonenumber\":\"15888888888\",\"admin\":true,\"loginDate\":1610609953000,\"remark\":\"ç®¡ç†å‘˜\",\"delFlag\":\"0\",\"password\":\"\",\"postIds\":[1],\"loginIp\":\"127.0.0.1\",\"email\":\"joolun@163.com\",\"nickName\":\"JooLun\",\"sex\":\"0\",\"deptId\":103,\"avatar\":\"\",\"dept\":{\"deptName\":\"ç ”å‘éƒ¨é—¨\",\"leader\":\"è‹¥ä¾\",\"deptId\":103,\"orderNum\":\"1\",\"params\":{},\"parentId\":101,\"children\":[],\"status\":\"0\"},\"params\":{},\"userName\":\"admin\",\"userId\":1,\"createBy\":\"admin\",\"roleIds\":[1],\"createTime\":1610609953000,\"status\":\"0\"}','null',1,'ä¸å…è®¸æ“ä½œè¶…çº§ç®¡ç†å‘˜ç”¨æˆ·','2021-01-15 23:53:12'),
(121,'éƒ¨é—¨ç®¡ç†',2,'com.joolun.web.controller.system.SysDeptController.edit()','PUT',1,'admin',NULL,'/system/dept','127.0.0.1','å†…ç½‘IP','{\"deptName\":\"JooLunç§‘æŠ€\",\"leader\":\"JooLun\",\"deptId\":100,\"orderNum\":\"0\",\"delFlag\":\"0\",\"params\":{},\"parentId\":0,\"createBy\":\"admin\",\"children\":[],\"createTime\":1610609953000,\"phone\":\"15888888888\",\"updateBy\":\"admin\",\"ancestors\":\"0\",\"email\":\"JooLun@qq.com\",\"status\":\"0\"}','{\"msg\":\"æ“ä½œæˆåŠŸ\",\"code\":200}',0,NULL,'2021-01-15 23:54:04'),
(122,'é€šçŸ¥å…¬å‘Š',3,'com.joolun.web.controller.system.SysNoticeController.remove()','DELETE',1,'admin',NULL,'/system/notice/1','127.0.0.1','å†…ç½‘IP','{noticeIds=1}','{\"msg\":\"æ“ä½œæˆåŠŸ\",\"code\":200}',0,NULL,'2021-01-15 23:54:17'),
(123,'ä»£ç ç”Ÿæˆ',8,'com.joolun.generator.controller.GenController.batchGenCode()','GET',1,'admin',NULL,'/tool/gen/batchGenCode','127.0.0.1','å†…ç½‘IP','{}','null',0,NULL,'2021-01-15 23:54:41'),
(124,'éƒ¨é—¨ç®¡ç†',2,'com.joolun.web.controller.system.SysDeptController.edit()','PUT',1,'admin',NULL,'/system/dept','127.0.0.1','å†…ç½‘IP','{\"deptName\":\"æ·±åœ³æ€»å…¬å¸\",\"leader\":\"JooLun\",\"deptId\":101,\"orderNum\":\"1\",\"delFlag\":\"0\",\"params\":{},\"parentId\":100,\"createBy\":\"admin\",\"children\":[],\"createTime\":1610609953000,\"phone\":\"15888888888\",\"updateBy\":\"admin\",\"ancestors\":\"0,100\",\"email\":\"JooLun@qq.com\",\"status\":\"0\"}','{\"msg\":\"æ“ä½œæˆåŠŸ\",\"code\":200}',0,NULL,'2021-01-16 00:00:29'),
(125,'éƒ¨é—¨ç®¡ç†',2,'com.joolun.web.controller.system.SysDeptController.edit()','PUT',1,'admin',NULL,'/system/dept','127.0.0.1','å†…ç½‘IP','{\"deptName\":\"ç ”å‘éƒ¨é—¨\",\"leader\":\"JooLun\",\"deptId\":103,\"orderNum\":\"1\",\"delFlag\":\"0\",\"params\":{},\"parentId\":101,\"createBy\":\"admin\",\"children\":[],\"createTime\":1610609953000,\"phone\":\"15888888888\",\"updateBy\":\"admin\",\"ancestors\":\"0,100,101\",\"email\":\"JooLun@qq.com\",\"status\":\"0\"}','{\"msg\":\"æ“ä½œæˆåŠŸ\",\"code\":200}',0,NULL,'2021-01-16 00:00:40'),
(126,'éƒ¨é—¨ç®¡ç†',2,'com.joolun.web.controller.system.SysDeptController.edit()','PUT',1,'admin',NULL,'/system/dept','127.0.0.1','å†…ç½‘IP','{\"deptName\":\"å¸‚åœºéƒ¨é—¨\",\"leader\":\"JooLun\",\"deptId\":104,\"orderNum\":\"2\",\"delFlag\":\"0\",\"params\":{},\"parentId\":101,\"createBy\":\"admin\",\"children\":[],\"createTime\":1610609953000,\"phone\":\"15888888888\",\"updateBy\":\"admin\",\"ancestors\":\"0,100,101\",\"email\":\"ry@qq.com\",\"status\":\"0\"}','{\"msg\":\"æ“ä½œæˆåŠŸ\",\"code\":200}',0,NULL,'2021-01-16 00:00:45'),
(127,'éƒ¨é—¨ç®¡ç†',2,'com.joolun.web.controller.system.SysDeptController.edit()','PUT',1,'admin',NULL,'/system/dept','127.0.0.1','å†…ç½‘IP','{\"deptName\":\"æµ‹è¯•éƒ¨é—¨\",\"leader\":\"JooLun\",\"deptId\":105,\"orderNum\":\"3\",\"delFlag\":\"0\",\"params\":{},\"parentId\":101,\"createBy\":\"admin\",\"children\":[],\"createTime\":1610609953000,\"phone\":\"15888888888\",\"updateBy\":\"admin\",\"ancestors\":\"0,100,101\",\"email\":\"ry@qq.com\",\"status\":\"0\"}','{\"msg\":\"æ“ä½œæˆåŠŸ\",\"code\":200}',0,NULL,'2021-01-16 00:00:48'),
(128,'éƒ¨é—¨ç®¡ç†',2,'com.joolun.web.controller.system.SysDeptController.edit()','PUT',1,'admin',NULL,'/system/dept','127.0.0.1','å†…ç½‘IP','{\"deptName\":\"è´¢åŠ¡éƒ¨é—¨\",\"leader\":\"JooLun\",\"deptId\":106,\"orderNum\":\"4\",\"delFlag\":\"0\",\"params\":{},\"parentId\":101,\"createBy\":\"admin\",\"children\":[],\"createTime\":1610609953000,\"phone\":\"15888888888\",\"updateBy\":\"admin\",\"ancestors\":\"0,100,101\",\"email\":\"ry@qq.com\",\"status\":\"0\"}','{\"msg\":\"æ“ä½œæˆåŠŸ\",\"code\":200}',0,NULL,'2021-01-16 00:00:54'),
(129,'éƒ¨é—¨ç®¡ç†',2,'com.joolun.web.controller.system.SysDeptController.edit()','PUT',1,'admin',NULL,'/system/dept','127.0.0.1','å†…ç½‘IP','{\"deptName\":\"è¿ç»´éƒ¨é—¨\",\"leader\":\"JooLun\",\"deptId\":107,\"orderNum\":\"5\",\"delFlag\":\"0\",\"params\":{},\"parentId\":101,\"createBy\":\"admin\",\"children\":[],\"createTime\":1610609953000,\"phone\":\"15888888888\",\"updateBy\":\"admin\",\"ancestors\":\"0,100,101\",\"email\":\"ry@qq.com\",\"status\":\"0\"}','{\"msg\":\"æ“ä½œæˆåŠŸ\",\"code\":200}',0,NULL,'2021-01-16 00:00:57'),
(130,'éƒ¨é—¨ç®¡ç†',2,'com.joolun.web.controller.system.SysDeptController.edit()','PUT',1,'admin',NULL,'/system/dept','127.0.0.1','å†…ç½‘IP','{\"deptName\":\"é•¿æ²™åˆ†å…¬å¸\",\"leader\":\"JooLun\",\"deptId\":102,\"orderNum\":\"2\",\"delFlag\":\"0\",\"params\":{},\"parentId\":100,\"createBy\":\"admin\",\"children\":[],\"createTime\":1610609953000,\"phone\":\"15888888888\",\"updateBy\":\"admin\",\"ancestors\":\"0,100\",\"email\":\"ry@qq.com\",\"status\":\"0\"}','{\"msg\":\"æ“ä½œæˆåŠŸ\",\"code\":200}',0,NULL,'2021-01-16 00:01:00'),
(131,'éƒ¨é—¨ç®¡ç†',2,'com.joolun.web.controller.system.SysDeptController.edit()','PUT',1,'admin',NULL,'/system/dept','127.0.0.1','å†…ç½‘IP','{\"deptName\":\"å¸‚åœºéƒ¨é—¨\",\"leader\":\"JooLun\",\"deptId\":108,\"orderNum\":\"1\",\"delFlag\":\"0\",\"params\":{},\"parentId\":102,\"createBy\":\"admin\",\"children\":[],\"createTime\":1610609953000,\"phone\":\"15888888888\",\"updateBy\":\"admin\",\"ancestors\":\"0,100,102\",\"email\":\"ry@qq.com\",\"status\":\"0\"}','{\"msg\":\"æ“ä½œæˆåŠŸ\",\"code\":200}',0,NULL,'2021-01-16 00:01:05'),
(132,'éƒ¨é—¨ç®¡ç†',2,'com.joolun.web.controller.system.SysDeptController.edit()','PUT',1,'admin',NULL,'/system/dept','127.0.0.1','å†…ç½‘IP','{\"deptName\":\"è´¢åŠ¡éƒ¨é—¨\",\"leader\":\"JooLun\",\"deptId\":109,\"orderNum\":\"2\",\"delFlag\":\"0\",\"params\":{},\"parentId\":102,\"createBy\":\"admin\",\"children\":[],\"createTime\":1610609953000,\"phone\":\"15888888888\",\"updateBy\":\"admin\",\"ancestors\":\"0,100,102\",\"email\":\"ry@qq.com\",\"status\":\"0\"}','{\"msg\":\"æ“ä½œæˆåŠŸ\",\"code\":200}',0,NULL,'2021-01-16 00:01:09');

/*Table structure for table `sys_post` */

DROP TABLE IF EXISTS `sys_post`;

CREATE TABLE `sys_post` (
  `post_id` bigint NOT NULL AUTO_INCREMENT COMMENT 'å²—ä½ID',
  `post_code` varchar(64) NOT NULL COMMENT 'å²—ä½ç¼–ç ',
  `post_name` varchar(50) NOT NULL COMMENT 'å²—ä½åç§°',
  `post_sort` int NOT NULL COMMENT 'æ˜¾ç¤ºé¡ºåº',
  `status` char(1) NOT NULL COMMENT 'çŠ¶æ€ï¼ˆ0æ­£å¸¸ 1åœç”¨ï¼‰',
  `create_by` varchar(64) DEFAULT '' COMMENT 'åˆ›å»ºè€…',
  `create_time` datetime DEFAULT NULL COMMENT 'åˆ›å»ºæ—¶é—´',
  `update_by` varchar(64) DEFAULT '' COMMENT 'æ›´æ–°è€…',
  `update_time` datetime DEFAULT NULL COMMENT 'æ›´æ–°æ—¶é—´',
  `remark` varchar(500) DEFAULT NULL COMMENT 'å¤‡æ³¨',
  PRIMARY KEY (`post_id`)
) ENGINE=InnoDB AUTO_INCREMENT=5 DEFAULT CHARSET=utf8mb4 COLLATE=utf8mb4_0900_ai_ci COMMENT='å²—ä½ä¿¡æ¯è¡¨';

/*Data for the table `sys_post` */

insert  into `sys_post`(`post_id`,`post_code`,`post_name`,`post_sort`,`status`,`create_by`,`create_time`,`update_by`,`update_time`,`remark`) values 
(1,'ceo','è‘£äº‹é•¿',1,'0','admin','2021-01-14 15:39:13','',NULL,''),
(2,'se','é¡¹ç›®ç»ç†',2,'0','admin','2021-01-14 15:39:13','',NULL,''),
(3,'hr','äººåŠ›èµ„æº',3,'0','admin','2021-01-14 15:39:13','',NULL,''),
(4,'user','æ™®é€šå‘˜å·¥',4,'0','admin','2021-01-14 15:39:13','',NULL,'');

/*Table structure for table `sys_role` */

DROP TABLE IF EXISTS `sys_role`;

CREATE TABLE `sys_role` (
  `role_id` bigint NOT NULL AUTO_INCREMENT COMMENT 'è§’è‰²ID',
  `role_name` varchar(30) NOT NULL COMMENT 'è§’è‰²åç§°',
  `role_key` varchar(100) NOT NULL COMMENT 'è§’è‰²æƒé™å­—ç¬¦ä¸²',
  `role_sort` int NOT NULL COMMENT 'æ˜¾ç¤ºé¡ºåº',
  `data_scope` char(1) DEFAULT '1' COMMENT 'æ•°æ®èŒƒå›´ï¼ˆ1ï¼šå…¨éƒ¨æ•°æ®æƒé™ 2ï¼šè‡ªå®šæ•°æ®æƒé™ 3ï¼šæœ¬éƒ¨é—¨æ•°æ®æƒé™ 4ï¼šæœ¬éƒ¨é—¨åŠä»¥ä¸‹æ•°æ®æƒé™ï¼‰',
  `menu_check_strictly` tinyint(1) DEFAULT '1' COMMENT 'èœå•æ ‘é€‰æ‹©é¡¹æ˜¯å¦å…³è”æ˜¾ç¤º',
  `dept_check_strictly` tinyint(1) DEFAULT '1' COMMENT 'éƒ¨é—¨æ ‘é€‰æ‹©é¡¹æ˜¯å¦å…³è”æ˜¾ç¤º',
  `status` char(1) NOT NULL COMMENT 'è§’è‰²çŠ¶æ€ï¼ˆ0æ­£å¸¸ 1åœç”¨ï¼‰',
  `del_flag` char(1) DEFAULT '0' COMMENT 'åˆ é™¤æ ‡å¿—ï¼ˆ0ä»£è¡¨å­˜åœ¨ 2ä»£è¡¨åˆ é™¤ï¼‰',
  `create_by` varchar(64) DEFAULT '' COMMENT 'åˆ›å»ºè€…',
  `create_time` datetime DEFAULT NULL COMMENT 'åˆ›å»ºæ—¶é—´',
  `update_by` varchar(64) DEFAULT '' COMMENT 'æ›´æ–°è€…',
  `update_time` datetime DEFAULT NULL COMMENT 'æ›´æ–°æ—¶é—´',
  `remark` varchar(500) DEFAULT NULL COMMENT 'å¤‡æ³¨',
  PRIMARY KEY (`role_id`)
) ENGINE=InnoDB AUTO_INCREMENT=100 DEFAULT CHARSET=utf8mb4 COLLATE=utf8mb4_0900_ai_ci COMMENT='è§’è‰²ä¿¡æ¯è¡¨';

/*Data for the table `sys_role` */

insert  into `sys_role`(`role_id`,`role_name`,`role_key`,`role_sort`,`data_scope`,`menu_check_strictly`,`dept_check_strictly`,`status`,`del_flag`,`create_by`,`create_time`,`update_by`,`update_time`,`remark`) values 
(1,'è¶…çº§ç®¡ç†å‘˜','admin',1,'1',1,1,'0','0','admin','2021-01-14 15:39:13','',NULL,'è¶…çº§ç®¡ç†å‘˜'),
(2,'æ™®é€šè§’è‰²','common',2,'2',1,1,'0','0','admin','2021-01-14 15:39:13','',NULL,'æ™®é€šè§’è‰²');

/*Table structure for table `sys_role_dept` */

DROP TABLE IF EXISTS `sys_role_dept`;

CREATE TABLE `sys_role_dept` (
  `role_id` bigint NOT NULL COMMENT 'è§’è‰²ID',
  `dept_id` bigint NOT NULL COMMENT 'éƒ¨é—¨ID',
  PRIMARY KEY (`role_id`,`dept_id`)
) ENGINE=InnoDB DEFAULT CHARSET=utf8mb4 COLLATE=utf8mb4_0900_ai_ci COMMENT='è§’è‰²å’Œéƒ¨é—¨å…³è”è¡¨';

/*Data for the table `sys_role_dept` */

insert  into `sys_role_dept`(`role_id`,`dept_id`) values 
(2,100),
(2,101),
(2,105);

/*Table structure for table `sys_role_menu` */

DROP TABLE IF EXISTS `sys_role_menu`;

CREATE TABLE `sys_role_menu` (
  `role_id` bigint NOT NULL COMMENT 'è§’è‰²ID',
  `menu_id` bigint NOT NULL COMMENT 'èœå•ID',
  PRIMARY KEY (`role_id`,`menu_id`)
) ENGINE=InnoDB DEFAULT CHARSET=utf8mb4 COLLATE=utf8mb4_0900_ai_ci COMMENT='è§’è‰²å’Œèœå•å…³è”è¡¨';

/*Data for the table `sys_role_menu` */

insert  into `sys_role_menu`(`role_id`,`menu_id`) values 
(2,1),
(2,2),
(2,3),
(2,4),
(2,100),
(2,101),
(2,102),
(2,103),
(2,104),
(2,105),
(2,106),
(2,107),
(2,108),
(2,109),
(2,110),
(2,111),
(2,112),
(2,113),
(2,114),
(2,115),
(2,116),
(2,500),
(2,501),
(2,1000),
(2,1001),
(2,1002),
(2,1003),
(2,1004),
(2,1005),
(2,1006),
(2,1007),
(2,1008),
(2,1009),
(2,1010),
(2,1011),
(2,1012),
(2,1013),
(2,1014),
(2,1015),
(2,1016),
(2,1017),
(2,1018),
(2,1019),
(2,1020),
(2,1021),
(2,1022),
(2,1023),
(2,1024),
(2,1025),
(2,1026),
(2,1027),
(2,1028),
(2,1029),
(2,1030),
(2,1031),
(2,1032),
(2,1033),
(2,1034),
(2,1035),
(2,1036),
(2,1037),
(2,1038),
(2,1039),
(2,1040),
(2,1041),
(2,1042),
(2,1043),
(2,1044),
(2,1045),
(2,1046),
(2,1047),
(2,1048),
(2,1049),
(2,1050),
(2,1051),
(2,1052),
(2,1053),
(2,1054),
(2,1055),
(2,1056),
(2,1057),
(2,1058),
(2,1059),
(2,1060);

/*Table structure for table `sys_user` */

DROP TABLE IF EXISTS `sys_user`;

CREATE TABLE `sys_user` (
  `user_id` bigint NOT NULL AUTO_INCREMENT COMMENT 'ç”¨æˆ·ID',
  `dept_id` bigint DEFAULT NULL COMMENT 'éƒ¨é—¨ID',
  `user_name` varchar(30) NOT NULL COMMENT 'ç”¨æˆ·è´¦å·',
  `nick_name` varchar(30) NOT NULL COMMENT 'ç”¨æˆ·æ˜µç§°',
  `user_type` varchar(2) DEFAULT '00' COMMENT 'ç”¨æˆ·ç±»å‹ï¼ˆ00ç³»ç»Ÿç”¨æˆ·ï¼‰',
  `email` varchar(50) DEFAULT '' COMMENT 'ç”¨æˆ·é‚®ç®±',
  `phonenumber` varchar(11) DEFAULT '' COMMENT 'æ‰‹æœºå·ç ',
  `sex` char(1) DEFAULT '0' COMMENT 'ç”¨æˆ·æ€§åˆ«ï¼ˆ0ç”· 1å¥³ 2æœªçŸ¥ï¼‰',
  `avatar` varchar(100) DEFAULT '' COMMENT 'å¤´åƒåœ°å€',
  `password` varchar(100) DEFAULT '' COMMENT 'å¯†ç ',
  `status` char(1) DEFAULT '0' COMMENT 'å¸å·çŠ¶æ€ï¼ˆ0æ­£å¸¸ 1åœç”¨ï¼‰',
  `del_flag` char(1) DEFAULT '0' COMMENT 'åˆ é™¤æ ‡å¿—ï¼ˆ0ä»£è¡¨å­˜åœ¨ 2ä»£è¡¨åˆ é™¤ï¼‰',
  `login_ip` varchar(50) DEFAULT '' COMMENT 'æœ€åç™»å½•IP',
  `login_date` datetime DEFAULT NULL COMMENT 'æœ€åç™»å½•æ—¶é—´',
  `create_by` varchar(64) DEFAULT '' COMMENT 'åˆ›å»ºè€…',
  `create_time` datetime DEFAULT NULL COMMENT 'åˆ›å»ºæ—¶é—´',
  `update_by` varchar(64) DEFAULT '' COMMENT 'æ›´æ–°è€…',
  `update_time` datetime DEFAULT NULL COMMENT 'æ›´æ–°æ—¶é—´',
  `remark` varchar(500) DEFAULT NULL COMMENT 'å¤‡æ³¨',
  PRIMARY KEY (`user_id`)
) ENGINE=InnoDB AUTO_INCREMENT=101 DEFAULT CHARSET=utf8mb4 COLLATE=utf8mb4_0900_ai_ci COMMENT='ç”¨æˆ·ä¿¡æ¯è¡¨';

/*Data for the table `sys_user` */

insert  into `sys_user`(`user_id`,`dept_id`,`user_name`,`nick_name`,`user_type`,`email`,`phonenumber`,`sex`,`avatar`,`password`,`status`,`del_flag`,`login_ip`,`login_date`,`create_by`,`create_time`,`update_by`,`update_time`,`remark`) values 
(1,103,'admin','JooLun','00','JooLun@163.com','15888888888','1','','$2a$10$7JB720yubVSZvUI0rEqK/.VqGOZTH.ulu33dHOiBE8ByOhJIrdAu2','0','0','127.0.0.1','2021-01-14 15:39:13','admin','2021-01-14 15:39:13','',NULL,'ç®¡ç†å‘˜'),
(2,105,'ry','JooLun','00','JooLun@qq.com','15666666666','1','','$2a$10$7JB720yubVSZvUI0rEqK/.VqGOZTH.ulu33dHOiBE8ByOhJIrdAu2','0','2','127.0.0.1','2021-01-14 15:39:13','admin','2021-01-14 15:39:13','admin','2021-01-15 20:52:07','æµ‹è¯•å‘˜'),
(100,100,'test','test','00','','','0','','$2a$10$KTBu09ed743F.IS1Y5TCluX8Jg17xnef5VBwDHjoi.MsgpU.fsQQa','0','0','',NULL,'admin','2021-01-15 20:52:55','admin','2021-01-15 20:53:33',NULL);

/*Table structure for table `sys_user_post` */

DROP TABLE IF EXISTS `sys_user_post`;

CREATE TABLE `sys_user_post` (
  `user_id` bigint NOT NULL COMMENT 'ç”¨æˆ·ID',
  `post_id` bigint NOT NULL COMMENT 'å²—ä½ID',
  PRIMARY KEY (`user_id`,`post_id`)
) ENGINE=InnoDB DEFAULT CHARSET=utf8mb4 COLLATE=utf8mb4_0900_ai_ci COMMENT='ç”¨æˆ·ä¸å²—ä½å…³è”è¡¨';

/*Data for the table `sys_user_post` */

insert  into `sys_user_post`(`user_id`,`post_id`) values 
(1,1);

/*Table structure for table `sys_user_role` */

DROP TABLE IF EXISTS `sys_user_role`;

CREATE TABLE `sys_user_role` (
  `user_id` bigint NOT NULL COMMENT 'ç”¨æˆ·ID',
  `role_id` bigint NOT NULL COMMENT 'è§’è‰²ID',
  PRIMARY KEY (`user_id`,`role_id`)
) ENGINE=InnoDB DEFAULT CHARSET=utf8mb4 COLLATE=utf8mb4_0900_ai_ci COMMENT='ç”¨æˆ·å’Œè§’è‰²å…³è”è¡¨';

/*Data for the table `sys_user_role` */

insert  into `sys_user_role`(`user_id`,`role_id`) values 
(1,1),
(100,2);

/*Table structure for table `wx_auto_reply` */

DROP TABLE IF EXISTS `wx_auto_reply`;

CREATE TABLE `wx_auto_reply` (
  `id` varchar(32) CHARACTER SET utf8 COLLATE utf8_general_ci NOT NULL DEFAULT '' COMMENT 'ä¸»é”®',
  `create_id` varchar(32) CHARACTER SET utf8 COLLATE utf8_general_ci DEFAULT NULL COMMENT 'åˆ›å»ºè€…',
  `create_time` datetime DEFAULT CURRENT_TIMESTAMP COMMENT 'åˆ›å»ºæ—¶é—´',
  `update_id` varchar(32) CHARACTER SET utf8 COLLATE utf8_general_ci DEFAULT NULL COMMENT 'æ›´æ–°è€…',
  `update_time` datetime DEFAULT NULL ON UPDATE CURRENT_TIMESTAMP COMMENT 'æ›´æ–°æ—¶é—´',
  `remark` varchar(100) CHARACTER SET utf8 COLLATE utf8_general_ci DEFAULT NULL COMMENT 'å¤‡æ³¨',
  `del_flag` char(2) CHARACTER SET utf8 COLLATE utf8_general_ci DEFAULT '0' COMMENT 'é€»è¾‘åˆ é™¤æ ‡è®°ï¼ˆ0ï¼šæ˜¾ç¤ºï¼›1ï¼šéšè—ï¼‰',
  `type` char(2) DEFAULT NULL COMMENT 'ç±»å‹ï¼ˆ1ã€å…³æ³¨æ—¶å›å¤ï¼›2ã€æ¶ˆæ¯å›å¤ï¼›3ã€å…³é”®è¯å›å¤ï¼‰',
  `req_key` varchar(64) DEFAULT NULL COMMENT 'å…³é”®è¯',
  `req_type` char(10) DEFAULT NULL COMMENT 'è¯·æ±‚æ¶ˆæ¯ç±»å‹ï¼ˆtextï¼šæ–‡æœ¬ï¼›imageï¼šå›¾ç‰‡ï¼›voiceï¼šè¯­éŸ³ï¼›videoï¼šè§†é¢‘ï¼›shortvideoï¼šå°è§†é¢‘ï¼›locationï¼šåœ°ç†ä½ç½®ï¼‰',
  `rep_type` char(10) DEFAULT NULL COMMENT 'å›å¤æ¶ˆæ¯ç±»å‹ï¼ˆtextï¼šæ–‡æœ¬ï¼›imageï¼šå›¾ç‰‡ï¼›voiceï¼šè¯­éŸ³ï¼›videoï¼šè§†é¢‘ï¼›musicï¼šéŸ³ä¹ï¼›newsï¼šå›¾æ–‡ï¼‰',
  `rep_mate` char(10) DEFAULT NULL COMMENT 'å›å¤ç±»å‹æ–‡æœ¬åŒ¹é…ç±»å‹ï¼ˆ1ã€å…¨åŒ¹é…ï¼Œ2ã€åŠåŒ¹é…ï¼‰',
  `rep_content` text COMMENT 'å›å¤ç±»å‹æ–‡æœ¬ä¿å­˜æ–‡å­—',
  `rep_media_id` varchar(64) CHARACTER SET utf8mb4 COLLATE utf8mb4_0900_ai_ci DEFAULT NULL COMMENT 'å›å¤ç±»å‹imgeã€voiceã€newsã€videoçš„mediaIDæˆ–éŸ³ä¹ç¼©ç•¥å›¾çš„åª’ä½“id',
  `rep_name` varchar(100) CHARACTER SET utf8mb4 COLLATE utf8mb4_0900_ai_ci DEFAULT NULL COMMENT 'å›å¤çš„ç´ æåã€è§†é¢‘å’ŒéŸ³ä¹çš„æ ‡é¢˜',
  `rep_desc` varchar(200) CHARACTER SET utf8mb4 COLLATE utf8mb4_0900_ai_ci DEFAULT NULL COMMENT 'è§†é¢‘å’ŒéŸ³ä¹çš„æè¿°',
  `rep_url` varchar(500) CHARACTER SET utf8mb4 COLLATE utf8mb4_0900_ai_ci DEFAULT NULL COMMENT 'é“¾æ¥',
  `rep_hq_url` varchar(500) CHARACTER SET utf8mb4 COLLATE utf8mb4_0900_ai_ci DEFAULT NULL COMMENT 'é«˜è´¨é‡é“¾æ¥',
  `rep_thumb_media_id` varchar(64) DEFAULT NULL COMMENT 'ç¼©ç•¥å›¾çš„åª’ä½“id',
  `rep_thumb_url` varchar(500) DEFAULT NULL COMMENT 'ç¼©ç•¥å›¾url',
  `content` mediumtext COMMENT 'å›¾æ–‡æ¶ˆæ¯çš„å†…å®¹',
  PRIMARY KEY (`id`)
) ENGINE=InnoDB DEFAULT CHARSET=utf8mb4 COLLATE=utf8mb4_0900_ai_ci COMMENT='å¾®ä¿¡è‡ªåŠ¨å›å¤';

/*Data for the table `wx_auto_reply` */

insert  into `wx_auto_reply`(`id`,`create_id`,`create_time`,`update_id`,`update_time`,`remark`,`del_flag`,`type`,`req_key`,`req_type`,`rep_type`,`rep_mate`,`rep_content`,`rep_media_id`,`rep_name`,`rep_desc`,`rep_url`,`rep_hq_url`,`rep_thumb_media_id`,`rep_thumb_url`,`content`) values 
('1349737556672020482',NULL,'2021-01-14 23:18:05',NULL,NULL,NULL,'0','1',NULL,NULL,'text',NULL,'sgwetey',NULL,NULL,NULL,NULL,NULL,NULL,NULL,NULL),
('1350048965070979074',NULL,'2021-01-15 19:55:30',NULL,NULL,NULL,'0','2',NULL,'text','text',NULL,'6699',NULL,NULL,NULL,NULL,NULL,NULL,NULL,NULL);

/*Table structure for table `wx_menu` */

DROP TABLE IF EXISTS `wx_menu`;

CREATE TABLE `wx_menu` (
  `id` varchar(32) CHARACTER SET utf8mb4 COLLATE utf8mb4_0900_ai_ci NOT NULL COMMENT 'èœå•IDï¼ˆclickã€scancode_pushã€scancode_waitmsgã€pic_sysphotoã€pic_photo_or_albumã€pic_weixinã€location_selectï¼šä¿å­˜keyï¼‰',
  `del_flag` char(2) CHARACTER SET utf8mb4 COLLATE utf8mb4_0900_ai_ci DEFAULT '0' COMMENT 'é€»è¾‘åˆ é™¤æ ‡è®°ï¼ˆ0ï¼šæ˜¾ç¤ºï¼›1ï¼šéšè—ï¼‰',
  `create_time` datetime DEFAULT CURRENT_TIMESTAMP COMMENT 'åˆ›å»ºæ—¶é—´',
  `update_time` datetime DEFAULT NULL ON UPDATE CURRENT_TIMESTAMP COMMENT 'æ›´æ–°æ—¶é—´',
  `sort` int DEFAULT '1' COMMENT 'æ’åºå€¼',
  `parent_id` varchar(32) CHARACTER SET utf8mb4 COLLATE utf8mb4_0900_ai_ci DEFAULT NULL COMMENT 'çˆ¶èœå•ID',
  `type` char(20) CHARACTER SET utf8mb4 COLLATE utf8mb4_0900_ai_ci DEFAULT NULL COMMENT 'èœå•ç±»å‹clickã€viewã€miniprogramã€scancode_pushã€scancode_waitmsgã€pic_sysphotoã€pic_photo_or_albumã€pic_weixinã€location_selectã€media_idã€view_limitedç­‰',
  `name` varchar(20) DEFAULT NULL COMMENT 'èœå•å',
  `url` varchar(500) CHARACTER SET utf8mb4 COLLATE utf8mb4_0900_ai_ci DEFAULT NULL COMMENT 'viewã€miniprogramä¿å­˜é“¾æ¥',
  `ma_app_id` varchar(32) CHARACTER SET utf8mb4 COLLATE utf8mb4_0900_ai_ci DEFAULT NULL COMMENT 'å°ç¨‹åºçš„appid',
  `ma_page_path` varchar(100) CHARACTER SET utf8mb4 COLLATE utf8mb4_0900_ai_ci DEFAULT NULL COMMENT 'å°ç¨‹åºçš„é¡µé¢è·¯å¾„',
  `rep_type` char(10) CHARACTER SET utf8mb4 COLLATE utf8mb4_0900_ai_ci DEFAULT NULL COMMENT 'å›å¤æ¶ˆæ¯ç±»å‹ï¼ˆtextï¼šæ–‡æœ¬ï¼›imageï¼šå›¾ç‰‡ï¼›voiceï¼šè¯­éŸ³ï¼›videoï¼šè§†é¢‘ï¼›musicï¼šéŸ³ä¹ï¼›newsï¼šå›¾æ–‡ï¼‰',
  `rep_content` text CHARACTER SET utf8mb4 COLLATE utf8mb4_0900_ai_ci COMMENT 'Text:ä¿å­˜æ–‡å­—',
  `rep_media_id` varchar(64) CHARACTER SET utf8mb4 COLLATE utf8mb4_0900_ai_ci DEFAULT NULL COMMENT 'imgeã€voiceã€newsã€videoï¼šmediaID',
  `rep_name` varchar(100) CHARACTER SET utf8mb4 COLLATE utf8mb4_0900_ai_ci DEFAULT NULL COMMENT 'ç´ æåã€è§†é¢‘å’ŒéŸ³ä¹çš„æ ‡é¢˜',
  `rep_desc` varchar(200) CHARACTER SET utf8mb4 COLLATE utf8mb4_0900_ai_ci DEFAULT NULL COMMENT 'è§†é¢‘å’ŒéŸ³ä¹çš„æè¿°',
  `rep_url` varchar(500) DEFAULT NULL COMMENT 'é“¾æ¥',
  `rep_hq_url` varchar(500) CHARACTER SET utf8mb4 COLLATE utf8mb4_0900_ai_ci DEFAULT NULL COMMENT 'é«˜è´¨é‡é“¾æ¥',
  `rep_thumb_media_id` varchar(64) CHARACTER SET utf8mb4 COLLATE utf8mb4_0900_ai_ci DEFAULT NULL COMMENT 'ç¼©ç•¥å›¾çš„åª’ä½“id',
  `rep_thumb_url` varchar(500) DEFAULT NULL COMMENT 'ç¼©ç•¥å›¾url',
  `content` mediumtext COMMENT 'å›¾æ–‡æ¶ˆæ¯çš„å†…å®¹',
  PRIMARY KEY (`id`) USING BTREE
) ENGINE=InnoDB DEFAULT CHARSET=utf8mb4 COLLATE=utf8mb4_0900_ai_ci COMMENT='è‡ªå®šä¹‰èœå•è¡¨';

/*Data for the table `wx_menu` */

insert  into `wx_menu`(`id`,`del_flag`,`create_time`,`update_time`,`sort`,`parent_id`,`type`,`name`,`url`,`ma_app_id`,`ma_page_path`,`rep_type`,`rep_content`,`rep_media_id`,`rep_name`,`rep_desc`,`rep_url`,`rep_hq_url`,`rep_thumb_media_id`,`rep_thumb_url`,`content`) values 
('1350048385221033986','0','2021-01-15 19:54:31',NULL,1,'1350048716038373377','click','å­èœå•åç§°',NULL,NULL,NULL,'text','sdgsdgsdg',NULL,NULL,NULL,NULL,NULL,NULL,NULL,'{}'),
('1350048385221033987','0','2021-01-15 19:54:31',NULL,2,'1350048716038373377','click','å­èœå•åç§°',NULL,NULL,NULL,'text','66699',NULL,NULL,NULL,NULL,NULL,NULL,NULL,NULL),
('1350048716038373377','0','2021-01-15 19:54:31',NULL,1,'0',NULL,'èœå•åç§°',NULL,NULL,NULL,NULL,NULL,NULL,NULL,NULL,NULL,NULL,NULL,NULL,NULL);

/*Table structure for table `wx_msg` */

DROP TABLE IF EXISTS `wx_msg`;

CREATE TABLE `wx_msg` (
  `id` varchar(32) CHARACTER SET utf8 COLLATE utf8_general_ci NOT NULL DEFAULT '' COMMENT 'ä¸»é”®',
  `create_id` varchar(32) CHARACTER SET utf8 COLLATE utf8_general_ci DEFAULT NULL COMMENT 'åˆ›å»ºè€…',
  `create_time` datetime DEFAULT CURRENT_TIMESTAMP COMMENT 'åˆ›å»ºæ—¶é—´',
  `update_id` varchar(32) CHARACTER SET utf8 COLLATE utf8_general_ci DEFAULT NULL COMMENT 'æ›´æ–°è€…',
  `update_time` datetime DEFAULT NULL ON UPDATE CURRENT_TIMESTAMP COMMENT 'æ›´æ–°æ—¶é—´',
  `remark` varchar(100) CHARACTER SET utf8 COLLATE utf8_general_ci DEFAULT NULL COMMENT 'å¤‡æ³¨',
  `del_flag` char(2) CHARACTER SET utf8 COLLATE utf8_general_ci DEFAULT '0' COMMENT 'é€»è¾‘åˆ é™¤æ ‡è®°ï¼ˆ0ï¼šæ˜¾ç¤ºï¼›1ï¼šéšè—ï¼‰',
  `app_name` varchar(50) CHARACTER SET utf8mb4 COLLATE utf8mb4_0900_ai_ci DEFAULT NULL COMMENT 'å…¬ä¼—å·åç§°',
  `app_logo` varchar(500) DEFAULT NULL COMMENT 'å…¬ä¼—å·logo',
  `wx_user_id` varchar(32) CHARACTER SET utf8 COLLATE utf8_general_ci NOT NULL COMMENT 'å¾®ä¿¡ç”¨æˆ·ID',
  `nick_name` varchar(200) DEFAULT NULL COMMENT 'å¾®ä¿¡ç”¨æˆ·æ˜µç§°',
  `headimg_url` varchar(1000) DEFAULT NULL COMMENT 'å¾®ä¿¡ç”¨æˆ·å¤´åƒ',
  `type` char(2) DEFAULT NULL COMMENT 'æ¶ˆæ¯åˆ†ç±»ï¼ˆ1ã€ç”¨æˆ·å‘ç»™å…¬ä¼—å·ï¼›2ã€å…¬ä¼—å·å‘ç»™ç”¨æˆ·ï¼›ï¼‰',
  `rep_type` char(20) CHARACTER SET utf8mb4 COLLATE utf8mb4_0900_ai_ci DEFAULT NULL COMMENT 'æ¶ˆæ¯ç±»å‹ï¼ˆtextï¼šæ–‡æœ¬ï¼›imageï¼šå›¾ç‰‡ï¼›voiceï¼šè¯­éŸ³ï¼›videoï¼šè§†é¢‘ï¼›shortvideoï¼šå°è§†é¢‘ï¼›locationï¼šåœ°ç†ä½ç½®ï¼›musicï¼šéŸ³ä¹ï¼›newsï¼šå›¾æ–‡ï¼›eventï¼šæ¨é€äº‹ä»¶ï¼‰',
  `rep_event` char(20) CHARACTER SET utf8mb4 COLLATE utf8mb4_0900_ai_ci DEFAULT NULL COMMENT 'äº‹ä»¶ç±»å‹ï¼ˆsubscribeï¼šå…³æ³¨ï¼›unsubscribeï¼šå–å…³ï¼›CLICKã€VIEWï¼šèœå•äº‹ä»¶ï¼‰',
  `rep_content` text CHARACTER SET utf8mb4 COLLATE utf8mb4_0900_ai_ci COMMENT 'å›å¤ç±»å‹æ–‡æœ¬ä¿å­˜æ–‡å­—ã€åœ°ç†ä½ç½®ä¿¡æ¯',
  `rep_media_id` varchar(64) CHARACTER SET utf8mb4 COLLATE utf8mb4_0900_ai_ci DEFAULT NULL COMMENT 'å›å¤ç±»å‹imgeã€voiceã€newsã€videoçš„mediaIDæˆ–éŸ³ä¹ç¼©ç•¥å›¾çš„åª’ä½“id',
  `rep_name` varchar(100) CHARACTER SET utf8mb4 COLLATE utf8mb4_0900_ai_ci DEFAULT NULL COMMENT 'å›å¤çš„ç´ æåã€è§†é¢‘å’ŒéŸ³ä¹çš„æ ‡é¢˜',
  `rep_desc` varchar(200) CHARACTER SET utf8mb4 COLLATE utf8mb4_0900_ai_ci DEFAULT NULL COMMENT 'è§†é¢‘å’ŒéŸ³ä¹çš„æè¿°',
  `rep_url` varchar(500) CHARACTER SET utf8mb4 COLLATE utf8mb4_0900_ai_ci DEFAULT NULL COMMENT 'é“¾æ¥',
  `rep_hq_url` varchar(500) CHARACTER SET utf8mb4 COLLATE utf8mb4_0900_ai_ci DEFAULT NULL COMMENT 'é«˜è´¨é‡é“¾æ¥',
  `content` mediumtext COMMENT 'å›¾æ–‡æ¶ˆæ¯çš„å†…å®¹',
  `rep_thumb_media_id` varchar(64) DEFAULT NULL COMMENT 'ç¼©ç•¥å›¾çš„åª’ä½“id',
  `rep_thumb_url` varchar(500) DEFAULT NULL COMMENT 'ç¼©ç•¥å›¾url',
  `rep_location_x` double DEFAULT NULL COMMENT 'åœ°ç†ä½ç½®ç»´åº¦',
  `rep_location_y` double DEFAULT NULL COMMENT 'åœ°ç†ä½ç½®ç»åº¦',
  `rep_scale` double DEFAULT NULL COMMENT 'åœ°å›¾ç¼©æ”¾å¤§å°',
  `read_flag` char(2) CHARACTER SET utf8 COLLATE utf8_general_ci DEFAULT '1' COMMENT 'å·²è¯»æ ‡è®°ï¼ˆ1ï¼šæ˜¯ï¼›0ï¼šå¦ï¼‰',
  PRIMARY KEY (`id`)
) ENGINE=InnoDB DEFAULT CHARSET=utf8mb4 COLLATE=utf8mb4_0900_ai_ci COMMENT='å¾®ä¿¡æ¶ˆæ¯';

/*Data for the table `wx_msg` */

insert  into `wx_msg`(`id`,`create_id`,`create_time`,`update_id`,`update_time`,`remark`,`del_flag`,`app_name`,`app_logo`,`wx_user_id`,`nick_name`,`headimg_url`,`type`,`rep_type`,`rep_event`,`rep_content`,`rep_media_id`,`rep_name`,`rep_desc`,`rep_url`,`rep_hq_url`,`content`,`rep_thumb_media_id`,`rep_thumb_url`,`rep_location_x`,`rep_location_y`,`rep_scale`,`read_flag`) values 
('1350046611835748353',NULL,'2021-01-15 19:46:10',NULL,'2021-01-15 19:51:13',NULL,'0',NULL,NULL,'1349736631303700482','JL','http://thirdwx.qlogo.cn/mmopen/dMKNvxZfIaEco8NogUXngnPhXrEEzLoY69XP5ymS2RWFIyXpOGE8trxiaqydnIibicluloYMWO06qmmibuvZR6GEbYR1HmVCq41R/132','1','text',NULL,' hhh',NULL,NULL,NULL,NULL,NULL,NULL,NULL,NULL,NULL,NULL,NULL,'1'),
('1350046688146915330',NULL,'2021-01-15 19:46:28',NULL,'2021-01-15 19:51:13',NULL,'0',NULL,NULL,'1349736631303700482','JL','http://thirdwx.qlogo.cn/mmopen/dMKNvxZfIaEco8NogUXngnPhXrEEzLoY69XP5ymS2RWFIyXpOGE8trxiaqydnIibicluloYMWO06qmmibuvZR6GEbYR1HmVCq41R/132','1','event','unsubscribe',NULL,NULL,NULL,NULL,NULL,NULL,NULL,NULL,NULL,NULL,NULL,NULL,'1'),
('1350048042097606657',NULL,'2021-01-15 19:51:51',NULL,'2021-01-15 19:52:14',NULL,'0',NULL,NULL,'1349736631303700482','JL','http://thirdwx.qlogo.cn/mmopen/dMKNvxZfIaEco8NogUXngnPhXrEEzLoY69XP5ymS2RWFIyXpOGE8trxiaqydnIibicluloYMWO06qmmibuvZR6GEbYR1HmVCq41R/132','1','event','subscribe',NULL,NULL,NULL,NULL,NULL,NULL,NULL,NULL,NULL,NULL,NULL,NULL,'1'),
('1350048042122772482',NULL,'2021-01-15 19:51:52',NULL,NULL,NULL,'0',NULL,NULL,'1349736631303700482','JL','http://thirdwx.qlogo.cn/mmopen/dMKNvxZfIaEco8NogUXngnPhXrEEzLoY69XP5ymS2RWFIyXpOGE8trxiaqydnIibicluloYMWO06qmmibuvZR6GEbYR1HmVCq41R/132','2','text',NULL,'sgwetey',NULL,NULL,NULL,NULL,NULL,NULL,NULL,NULL,NULL,NULL,NULL,'1'),
('1350048154626588674',NULL,'2021-01-15 19:52:17',NULL,NULL,NULL,'0',NULL,NULL,'1349736631303700482','JL','http://thirdwx.qlogo.cn/mmopen/dMKNvxZfIaEco8NogUXngnPhXrEEzLoY69XP5ymS2RWFIyXpOGE8trxiaqydnIibicluloYMWO06qmmibuvZR6GEbYR1HmVCq41R/132','2','text',NULL,'666',NULL,NULL,NULL,NULL,NULL,NULL,NULL,NULL,NULL,NULL,NULL,'1'),
('1350048909433536514',NULL,'2021-01-15 19:55:17',NULL,NULL,NULL,'0',NULL,NULL,'1349736631303700482','JL','http://thirdwx.qlogo.cn/mmopen/dMKNvxZfIaEco8NogUXngnPhXrEEzLoY69XP5ymS2RWFIyXpOGE8trxiaqydnIibicluloYMWO06qmmibuvZR6GEbYR1HmVCq41R/132','1','text',NULL,'fgg',NULL,NULL,NULL,NULL,NULL,NULL,NULL,NULL,NULL,NULL,NULL,'0'),
('1350048983534305282',NULL,'2021-01-15 19:55:35',NULL,NULL,NULL,'0',NULL,NULL,'1349736631303700482','JL','http://thirdwx.qlogo.cn/mmopen/dMKNvxZfIaEco8NogUXngnPhXrEEzLoY69XP5ymS2RWFIyXpOGE8trxiaqydnIibicluloYMWO06qmmibuvZR6GEbYR1HmVCq41R/132','1','text',NULL,'jjj',NULL,NULL,NULL,NULL,NULL,NULL,NULL,NULL,NULL,NULL,NULL,'0'),
('1350048983622385666',NULL,'2021-01-15 19:55:36',NULL,NULL,NULL,'0',NULL,NULL,'1349736631303700482','JL','http://thirdwx.qlogo.cn/mmopen/dMKNvxZfIaEco8NogUXngnPhXrEEzLoY69XP5ymS2RWFIyXpOGE8trxiaqydnIibicluloYMWO06qmmibuvZR6GEbYR1HmVCq41R/132','2','text',NULL,'6699',NULL,NULL,NULL,NULL,NULL,NULL,NULL,NULL,NULL,NULL,NULL,'1'),
('1350050472625537025',NULL,'2021-01-15 20:01:30',NULL,NULL,NULL,'0',NULL,NULL,'1349736631303700482','JL','http://thirdwx.qlogo.cn/mmopen/dMKNvxZfIaEco8NogUXngnPhXrEEzLoY69XP5ymS2RWFIyXpOGE8trxiaqydnIibicluloYMWO06qmmibuvZR6GEbYR1HmVCq41R/132','1','event','CLICK',NULL,NULL,'å­èœå•åç§°',NULL,NULL,NULL,NULL,NULL,NULL,NULL,NULL,NULL,'0'),
('1350050472680062978',NULL,'2021-01-15 20:01:31',NULL,NULL,NULL,'0',NULL,NULL,'1349736631303700482','JL','http://thirdwx.qlogo.cn/mmopen/dMKNvxZfIaEco8NogUXngnPhXrEEzLoY69XP5ymS2RWFIyXpOGE8trxiaqydnIibicluloYMWO06qmmibuvZR6GEbYR1HmVCq41R/132','2','text',NULL,'sdgsdgsdg',NULL,NULL,NULL,NULL,NULL,NULL,NULL,NULL,NULL,NULL,NULL,'1'),
('1350050498693136385',NULL,'2021-01-15 20:01:36',NULL,NULL,NULL,'0',NULL,NULL,'1349736631303700482','JL','http://thirdwx.qlogo.cn/mmopen/dMKNvxZfIaEco8NogUXngnPhXrEEzLoY69XP5ymS2RWFIyXpOGE8trxiaqydnIibicluloYMWO06qmmibuvZR6GEbYR1HmVCq41R/132','1','event','CLICK',NULL,NULL,'å­èœå•åç§°',NULL,NULL,NULL,NULL,NULL,NULL,NULL,NULL,NULL,'0'),
('1350050498789605377',NULL,'2021-01-15 20:01:37',NULL,NULL,NULL,'0',NULL,NULL,'1349736631303700482','JL','http://thirdwx.qlogo.cn/mmopen/dMKNvxZfIaEco8NogUXngnPhXrEEzLoY69XP5ymS2RWFIyXpOGE8trxiaqydnIibicluloYMWO06qmmibuvZR6GEbYR1HmVCq41R/132','2','text',NULL,'66699',NULL,NULL,NULL,NULL,NULL,NULL,NULL,NULL,NULL,NULL,NULL,'1'),
('1350050512110714882',NULL,'2021-01-15 20:01:39',NULL,NULL,NULL,'0',NULL,NULL,'1349736631303700482','JL','http://thirdwx.qlogo.cn/mmopen/dMKNvxZfIaEco8NogUXngnPhXrEEzLoY69XP5ymS2RWFIyXpOGE8trxiaqydnIibicluloYMWO06qmmibuvZR6GEbYR1HmVCq41R/132','1','event','CLICK',NULL,NULL,'å­èœå•åç§°',NULL,NULL,NULL,NULL,NULL,NULL,NULL,NULL,NULL,'0'),
('1350050512135880705',NULL,'2021-01-15 20:01:40',NULL,NULL,NULL,'0',NULL,NULL,'1349736631303700482','JL','http://thirdwx.qlogo.cn/mmopen/dMKNvxZfIaEco8NogUXngnPhXrEEzLoY69XP5ymS2RWFIyXpOGE8trxiaqydnIibicluloYMWO06qmmibuvZR6GEbYR1HmVCq41R/132','2','text',NULL,'sdgsdgsdg',NULL,NULL,NULL,NULL,NULL,NULL,NULL,NULL,NULL,NULL,NULL,'1'),
('1350050524488105985',NULL,'2021-01-15 20:01:42',NULL,NULL,NULL,'0',NULL,NULL,'1349736631303700482','JL','http://thirdwx.qlogo.cn/mmopen/dMKNvxZfIaEco8NogUXngnPhXrEEzLoY69XP5ymS2RWFIyXpOGE8trxiaqydnIibicluloYMWO06qmmibuvZR6GEbYR1HmVCq41R/132','1','event','CLICK',NULL,NULL,'å­èœå•åç§°',NULL,NULL,NULL,NULL,NULL,NULL,NULL,NULL,NULL,'0'),
('1350050524584574978',NULL,'2021-01-15 20:01:43',NULL,NULL,NULL,'0',NULL,NULL,'1349736631303700482','JL','http://thirdwx.qlogo.cn/mmopen/dMKNvxZfIaEco8NogUXngnPhXrEEzLoY69XP5ymS2RWFIyXpOGE8trxiaqydnIibicluloYMWO06qmmibuvZR6GEbYR1HmVCq41R/132','2','text',NULL,'66699',NULL,NULL,NULL,NULL,NULL,NULL,NULL,NULL,NULL,NULL,NULL,'1');

/*Table structure for table `wx_user` */

DROP TABLE IF EXISTS `wx_user`;

CREATE TABLE `wx_user` (
  `id` varchar(32) CHARACTER SET utf8 COLLATE utf8_general_ci NOT NULL DEFAULT '' COMMENT 'ä¸»é”®',
  `create_id` varchar(32) CHARACTER SET utf8 COLLATE utf8_general_ci DEFAULT NULL COMMENT 'åˆ›å»ºè€…',
  `create_time` datetime DEFAULT CURRENT_TIMESTAMP COMMENT 'åˆ›å»ºæ—¶é—´',
  `update_id` varchar(32) CHARACTER SET utf8 COLLATE utf8_general_ci DEFAULT NULL COMMENT 'æ›´æ–°è€…',
  `update_time` datetime DEFAULT NULL ON UPDATE CURRENT_TIMESTAMP COMMENT 'æ›´æ–°æ—¶é—´',
  `remark` varchar(100) CHARACTER SET utf8 COLLATE utf8_general_ci DEFAULT NULL COMMENT 'ç”¨æˆ·å¤‡æ³¨',
  `del_flag` char(2) CHARACTER SET utf8 COLLATE utf8_general_ci DEFAULT '0' COMMENT 'é€»è¾‘åˆ é™¤æ ‡è®°ï¼ˆ0ï¼šæ˜¾ç¤ºï¼›1ï¼šéšè—ï¼‰',
  `app_type` char(2) CHARACTER SET utf8 COLLATE utf8_general_ci DEFAULT NULL COMMENT 'åº”ç”¨ç±»å‹(1:å°ç¨‹åºï¼Œ2:å…¬ä¼—å·)',
  `subscribe` char(2) CHARACTER SET utf8 COLLATE utf8_general_ci DEFAULT NULL COMMENT 'æ˜¯å¦è®¢é˜…ï¼ˆ1ï¼šæ˜¯ï¼›0ï¼šå¦ï¼›2ï¼šç½‘é¡µæˆæƒç”¨æˆ·ï¼‰',
  `subscribe_scene` varchar(50) CHARACTER SET utf8 COLLATE utf8_general_ci DEFAULT NULL COMMENT 'è¿”å›ç”¨æˆ·å…³æ³¨çš„æ¸ é“æ¥æºï¼ŒADD_SCENE_SEARCH å…¬ä¼—å·æœç´¢ï¼ŒADD_SCENE_ACCOUNT_MIGRATION å…¬ä¼—å·è¿ç§»ï¼ŒADD_SCENE_PROFILE_CARD åç‰‡åˆ†äº«ï¼ŒADD_SCENE_QR_CODE æ‰«æäºŒç»´ç ï¼ŒADD_SCENEPROFILE LINK å›¾æ–‡é¡µå†…åç§°ç‚¹å‡»ï¼ŒADD_SCENE_PROFILE_ITEM å›¾æ–‡é¡µå³ä¸Šè§’èœå•ï¼ŒADD_SCENE_PAID æ”¯ä»˜åå…³æ³¨ï¼ŒADD_SCENE_OTHERS å…¶ä»–',
  `subscribe_time` datetime DEFAULT NULL COMMENT 'å…³æ³¨æ—¶é—´',
  `subscribe_num` int DEFAULT NULL COMMENT 'å…³æ³¨æ¬¡æ•°',
  `cancel_subscribe_time` datetime DEFAULT NULL COMMENT 'å–æ¶ˆå…³æ³¨æ—¶é—´',
  `open_id` varchar(64) CHARACTER SET utf8mb4 COLLATE utf8mb4_0900_ai_ci NOT NULL COMMENT 'ç”¨æˆ·æ ‡è¯†',
  `nick_name` varchar(200) CHARACTER SET utf8mb4 COLLATE utf8mb4_0900_ai_ci DEFAULT NULL COMMENT 'æ˜µç§°',
  `sex` char(2) CHARACTER SET utf8mb4 COLLATE utf8mb4_0900_ai_ci DEFAULT NULL COMMENT 'æ€§åˆ«ï¼ˆ1ï¼šç”·ï¼Œ2ï¼šå¥³ï¼Œ0ï¼šæœªçŸ¥ï¼‰',
  `city` varchar(64) CHARACTER SET utf8mb4 COLLATE utf8mb4_0900_ai_ci DEFAULT NULL COMMENT 'æ‰€åœ¨åŸå¸‚',
  `country` varchar(64) CHARACTER SET utf8mb4 COLLATE utf8mb4_0900_ai_ci DEFAULT NULL COMMENT 'æ‰€åœ¨å›½å®¶',
  `province` varchar(64) CHARACTER SET utf8mb4 COLLATE utf8mb4_0900_ai_ci DEFAULT NULL COMMENT 'æ‰€åœ¨çœä»½',
  `phone` varchar(15) CHARACTER SET utf8 COLLATE utf8_general_ci DEFAULT NULL COMMENT 'æ‰‹æœºå·ç ',
  `language` varchar(64) CHARACTER SET utf8mb4 COLLATE utf8mb4_0900_ai_ci DEFAULT NULL COMMENT 'ç”¨æˆ·è¯­è¨€',
  `headimg_url` varchar(1000) CHARACTER SET utf8mb4 COLLATE utf8mb4_0900_ai_ci DEFAULT NULL COMMENT 'å¤´åƒ',
  `union_id` varchar(64) CHARACTER SET utf8mb4 COLLATE utf8mb4_0900_ai_ci DEFAULT NULL COMMENT 'union_id',
  `group_id` varchar(64) CHARACTER SET utf8mb4 COLLATE utf8mb4_0900_ai_ci DEFAULT NULL COMMENT 'ç”¨æˆ·ç»„',
  `tagid_list` varchar(64) CHARACTER SET utf8mb4 COLLATE utf8mb4_0900_ai_ci DEFAULT NULL COMMENT 'æ ‡ç­¾åˆ—è¡¨',
  `qr_scene_str` varchar(64) DEFAULT NULL COMMENT 'äºŒç»´ç æ‰«ç åœºæ™¯',
  `latitude` double DEFAULT NULL COMMENT 'åœ°ç†ä½ç½®çº¬åº¦',
  `longitude` double DEFAULT NULL COMMENT 'åœ°ç†ä½ç½®ç»åº¦',
  `precision` double DEFAULT NULL COMMENT 'åœ°ç†ä½ç½®ç²¾åº¦',
  `session_key` varchar(200) CHARACTER SET utf8 COLLATE utf8_general_ci DEFAULT NULL COMMENT 'ä¼šè¯å¯†é’¥',
  `mall_user_id` varchar(32) CHARACTER SET utf8mb4 COLLATE utf8mb4_0900_ai_ci DEFAULT NULL COMMENT 'å•†åŸç”¨æˆ·ID',
  PRIMARY KEY (`id`)
) ENGINE=InnoDB DEFAULT CHARSET=utf8mb4 COLLATE=utf8mb4_0900_ai_ci COMMENT='å¾®ä¿¡ç”¨æˆ·';

/*Data for the table `wx_user` */

insert  into `wx_user`(`id`,`create_id`,`create_time`,`update_id`,`update_time`,`remark`,`del_flag`,`app_type`,`subscribe`,`subscribe_scene`,`subscribe_time`,`subscribe_num`,`cancel_subscribe_time`,`open_id`,`nick_name`,`sex`,`city`,`country`,`province`,`phone`,`language`,`headimg_url`,`union_id`,`group_id`,`tagid_list`,`qr_scene_str`,`latitude`,`longitude`,`precision`,`session_key`,`mall_user_id`) values 
('1349736631261757441',NULL,'2021-01-14 23:14:24',NULL,NULL,'','0','2','1','ADD_SCENE_QR_CODE','2020-01-06 14:14:44',1,NULL,'o3QwG1QnY-BOe4M724t0dvVQaUUo','é­‚æ•£','0','','','',NULL,'zh_CN','http://thirdwx.qlogo.cn/mmopen/PiajxSqBRaEK4NgUCJLPziclZYMfTnaYFXvz1GajlxariavaOkbKsXzXMoVHO6E5LKUWaaxxQccLVaicYR2Zqv5ZnA/132',NULL,'{}','[]','1',NULL,NULL,NULL,NULL,NULL),
('1349736631282728961',NULL,'2021-01-14 23:14:24',NULL,NULL,'','0','2','1','ADD_SCENE_QR_CODE','2020-10-29 23:34:34',1,NULL,'o3QwG1YepdGeVJZv_2bfIEjwnb_I','æ„ˆè¾‰','1','','äºšç¾å°¼äºš','',NULL,'zh_CN','http://thirdwx.qlogo.cn/mmopen/lV0d907m3OWXHibcSriareU9XpBCdBgkOd286EialAX0BtrWEdrhunepPEUq82E6wneLbtNttjKDMJSM7Y9HOnaRA/132',NULL,'{}','[]','1',NULL,NULL,NULL,NULL,NULL),
('1349736631291117570',NULL,'2021-01-14 23:14:24',NULL,NULL,'','0','2','1','ADD_SCENE_QR_CODE','2020-11-09 11:36:47',1,NULL,'o3QwG1ThD7gJ-qIXTDF88rly1VHg','î„Šå…«çˆªé±¼î„Š','1','','ä¸­å›½','åŒ—äº¬',NULL,'zh_CN','http://thirdwx.qlogo.cn/mmopen/lV0d907m3OW2BkZicF01PtUQera34FdW1Ga68DhZxQ7MlGMLDG3DZIBMm2Cibjueb6NMDvRMMRZFqjMVEogD9Oibw/132',NULL,'{}','[]','1',NULL,NULL,NULL,NULL,NULL),
('1349736631299506177',NULL,'2021-01-14 23:14:24',NULL,NULL,'','0','2','1','ADD_SCENE_QR_CODE','2020-12-05 16:04:40',1,NULL,'o3QwG1ZP0s_alsf-PuhDU7CmLQ24','åä¸‡ä¼ç‰¹','1','æˆéƒ½','ä¸­å›½','å››å·',NULL,'zh_CN','http://thirdwx.qlogo.cn/mmopen/J6c32680OdZUtzqT9zvNO2QR8jG1jdPiaFFQVA91Szrnpke0ga7UCCXGTKqZIppyibuhv6NTRX3OXqPtSQey8Ww0qgzhqicUgGR/132',NULL,'{}','[]','1',NULL,NULL,NULL,NULL,NULL),
('1349736631303700482',NULL,'2021-01-14 23:14:24',NULL,'2021-01-15 19:46:27','','0','2','1','ADD_SCENE_QR_CODE','2021-01-15 19:51:49',2,'2021-01-15 19:46:28','o3QwG1UuAz7VYM24e9rmihxyKJvg','JL','1','æ·±åœ³','ä¸­å›½','å¹¿ä¸œ',NULL,'zh_CN','http://thirdwx.qlogo.cn/mmopen/dMKNvxZfIaEco8NogUXngnPhXrEEzLoY69XP5ymS2RWFIyXpOGE8trxiaqydnIibicluloYMWO06qmmibuvZR6GEbYR1HmVCq41R/132',NULL,'{}','[]','',NULL,NULL,NULL,NULL,NULL),
('1349736631312089090',NULL,'2021-01-14 23:14:24',NULL,'2021-01-14 23:14:33','99','0','2','1','ADD_SCENE_QR_CODE','2021-01-11 17:43:37',1,NULL,'o3QwG1XWOtVl_ifcXYbPuiaPPnMc','redis','1','','ä¸­å›½','',NULL,'zh_CN','http://thirdwx.qlogo.cn/mmopen/lV0d907m3OU18kicFJhIBibV0XlvEnWzKN09tvVz3wyryA2cysGibW8BarSLyia8HeuOx8YDibGE192BibXG1xTtfC2nXf0x3MZS1x/132',NULL,'{}','[]','1',NULL,NULL,NULL,NULL,NULL),
('1349736631312089091',NULL,'2021-01-14 23:14:24',NULL,NULL,'','0','2','1','ADD_SCENE_QR_CODE','2020-03-16 10:32:31',1,NULL,'o3QwG1ecy727RcaP3XyevHbPK33M','ã€','1','å¦é—¨','ä¸­å›½','ç¦å»º',NULL,'zh_CN','http://thirdwx.qlogo.cn/mmopen/OT05QvwvgZYuck1R4BqYzwFzicuAicDHSeJTKI21VvxgrUxEWnVxiaEseEVLnM2tzibxTIfUiaZ1aSLn4hJ8FSgu7EBgeID2LCh9s/132',NULL,'{}','[2]','1',NULL,NULL,NULL,NULL,NULL),
('1349736631328866305',NULL,'2021-01-14 23:14:24',NULL,NULL,'','0','2','1','ADD_SCENE_QR_CODE','2020-11-09 20:41:24',1,NULL,'o3QwG1RLqJDTP-KZfNxMrMOKpl1U','gameover!!!','1','æ­¦æ±‰','ä¸­å›½','æ¹–åŒ—',NULL,'zh_CN','http://thirdwx.qlogo.cn/mmopen/upjJ1bex0ocf0rsbPbSW6yorFpT2SicGibyia5bYRjqLpWDgnYR4icEtQ87TcDibO3qujm8wkhDib4CPQCldShq1FHovW9J2ibSsfFH/132',NULL,'{}','[]','1',NULL,NULL,NULL,NULL,NULL),
('1349736631328866306',NULL,'2021-01-14 23:14:24',NULL,NULL,'','0','2','1','ADD_SCENE_QR_CODE','2020-10-14 14:32:49',1,NULL,'o3QwG1f7sT5V_FV_EVj4kaQ09Zzs','å£¹æ¯æ·¸èŒ¶ã€‚','1','é’å²›','ä¸­å›½','å±±ä¸œ',NULL,'zh_CN','http://thirdwx.qlogo.cn/mmopen/ajNVdqHZLLCYmmGPrvvXcib0iaiaGQba4yFtwt35zEUgOAzGwPcwG2GIqmejmo8fxRibwQzSDibejrXV4dia1uiaanvXrZ3SKZyZiaEo3G2K8WhDTjs/132',NULL,'{}','[]','1',NULL,NULL,NULL,NULL,NULL),
('1349736631328866307',NULL,'2021-01-14 23:14:24',NULL,NULL,'','0','2','1','ADD_SCENE_QR_CODE','2020-02-24 16:49:28',1,NULL,'o3QwG1eaqyTxxW4VisfbaKL0BcWY','.Llkoi','1','é•¿æ²™','ä¸­å›½','æ¹–å—',NULL,'zh_CN','http://thirdwx.qlogo.cn/mmopen/TBfgdHR2VFWloL25J3r1DfDE3a5R3yctJD3wc5CSoe3xWmy4lZPzxRZpj2x14dl87ndzlRXAN1ZN2W7w1n8bYtKWOMxG8ahq/132',NULL,'{}','[2]','1',NULL,NULL,NULL,NULL,NULL),
('1349736631337254914',NULL,'2021-01-14 23:14:24',NULL,NULL,'','0','2','1','ADD_SCENE_QR_CODE','2020-06-17 22:14:41',1,NULL,'o3QwG1d4Bq8lg-NbUOOYdaaVWhnE','Quentin','1','å—äº¬','ä¸­å›½','æ±Ÿè‹',NULL,'zh_CN','http://thirdwx.qlogo.cn/mmopen/ceebSkrkkFTBe1cSDicrLGq05uMsfRkzNWhKp3JY6eISxwCoiagt6q2L4RGcGh61jnWWTI3xeXsAmFCEpozdSIDQKBhNosic8TY/132',NULL,'{}','[]','1',NULL,NULL,NULL,NULL,NULL),
('1349736631337254915',NULL,'2021-01-14 23:14:24',NULL,NULL,'åæ¥','0','2','1','ADD_SCENE_QR_CODE','2019-06-04 22:22:21',1,NULL,'o3QwG1aKxN5AMEaNSbDV-vHJHtvM','å®‰å®‰æ™¨æ™¨','2','ç›Šé˜³','ä¸­å›½','æ¹–å—',NULL,'zh_CN','http://thirdwx.qlogo.cn/mmopen/ceebSkrkkFTRWgtVgYzPOETJtkqz0TIOzpVber8ic5DlUTky6zpgTGJHic6gG4wH7B7iay12QHo7BF3Iv0r6vTfS2GkcdywCmN8/132',NULL,'{}','[]','1',NULL,NULL,NULL,NULL,NULL);

/*!40101 SET SQL_MODE=@OLD_SQL_MODE */;
/*!40014 SET FOREIGN_KEY_CHECKS=@OLD_FOREIGN_KEY_CHECKS */;
/*!40014 SET UNIQUE_CHECKS=@OLD_UNIQUE_CHECKS */;
/*!40111 SET SQL_NOTES=@OLD_SQL_NOTES */;
